ID,Affect, Article, Cause, Certain, Cogproc, Discrep, Insight, Motion, Negate, Negemo, They, SheHe, Prep, Ppron, Posemo, I, We, See, Hear, Social, Space, Tentat, Time, Conj, Excl, Incl, FocusPresent, FocusFuture, FocusPast, Differ, Reward, Risk, Quant, Compare, Swear, Netspeak, Interrog, You,Conj, Affiliation, Power,NN, NNP, PRP, PRP$, WP, DT, WDT, CD, RB, UH, VB, JJ, VBD, VBG, VBN, VBP, VBZ, MD,avg word length,Content Diversity,noun phrase count,noun phrase avg length,redundancy,sentences,words,big words,words captured %,syllables,syllables per word,flesh kincaid,fog index,smog index,avg words per sentence,NP avg length,stop words %,capital words,label
0,1,0,0,0,0,0,0,0,0,0,0,0,0,0,1,0,0,0,1,0,0,0,0,0,0,0,0,0,0,0,0,0,0,0,0,0,0,0,0,0,0,2,0,0,0,0,0,0,0,0,0,0,0,0,0,0,0,0,0,4,1,1,2,0,1,2,0,0.000300933,2,1,-3.01,0.8,3.1291,2,2,0,0,0
1,1,0,0,0,0,0,0,0,0,0,0,0,0,1,1,1,0,0,1,1,0,0,0,0,0,0,0,0,0,0,0,0,0,0,0,0,0,0,0,1,0,2,0,0,0,0,0,0,0,0,0,0,0,0,0,0,0,0,0,3,1,1,1,0.5,1,3,0,0.000601866,3,1,-2.62,1.2,3.1291,3,1,0.333333333,1,0
2,1,0,0,0,0,0,0,0,0,0,0,0,0,1,1,1,0,0,1,1,0,0,0,0,0,0,0,0,0,0,0,0,0,0,0,0,0,0,0,1,0,2,0,0,0,0,0,0,0,0,0,0,0,0,0,0,0,0,0,3,1,1,1,0.5,1,3,0,0.000601866,3,1,-2.62,1.2,3.1291,3,1,0.333333333,1,0
3,1,0,1,0,1,0,0,0,0,0,0,0,1,1,1,0,1,0,0,3,0,0,1,1,0,1,3,0,0,0,0,0,0,0,0,0,0,0,1,2,0,2,0,1,0,0,0,0,2,0,0,2,2,0,0,0,0,0,1,4.466666667,0.857142857,1,2,0.666666667,2,15,2,0.00210653,18,1.2,1.495,3,3.1291,7.5,2,0.357142857,0,0
4,1,0,0,0,0,0,0,0,0,0,0,0,1,0,1,0,0,0,0,0,0,0,0,0,0,0,1,0,0,0,1,0,0,1,0,0,0,0,0,0,1,2,0,0,0,0,0,0,0,0,0,0,0,0,0,0,1,0,1,4.8,1,2,1,0.666666667,1,5,2,0.000902799,7,1.4,2.88,2,3.1291,5,1,0.4,0,0
5,1,1,0,1,1,0,0,0,0,0,0,0,0,0,1,0,0,0,1,0,1,0,1,0,0,0,0,0,0,0,1,0,0,1,0,0,0,0,0,0,1,2,0,0,0,0,1,0,0,1,0,0,1,0,0,0,0,0,0,3.833333333,1,1,5,0.4,1,6,0,0.001203732,7,1.166666667,0.516666667,2.4,3.1291,6,5,0.166666667,0,0
6,1,0,0,0,0,0,0,0,0,0,0,0,0,1,1,1,0,0,0,1,0,0,0,0,0,0,0,0,0,0,0,0,0,0,0,0,0,0,0,1,0,0,0,0,0,0,0,0,0,0,0,0,0,0,0,0,0,0,0,2.5,1,0,0,1,1,2,0,0.000601866,2,1,-3.01,0.8,3.1291,2,0,0.5,1,0
7,0,0,0,0,1,0,0,0,0,0,0,0,0,0,0,0,0,1,1,0,1,1,0,1,0,2,2,0,0,0,0,0,2,1,0,0,0,0,1,0,0,4,0,0,0,0,1,0,0,0,0,0,2,0,0,0,0,0,0,5,1,3,2.666666667,0.142857143,1,10,2,0.001504664,13,1.3,3.65,8,8.841846275,10,2.666666667,0.3,8,1
8,1,0,0,0,0,0,0,0,0,0,0,0,0,0,1,0,0,0,0,0,0,0,0,0,0,0,0,0,0,0,0,0,0,0,0,0,0,0,0,0,0,1,0,0,0,0,0,0,0,0,0,0,0,0,0,0,0,0,0,7,1,0,0,0,1,1,1,0.000300933,2,2,8.4,0.4,3.1291,1,0,0,0,0
9,0,0,0,0,0,0,0,0,0,0,0,0,1,1,0,1,0,0,0,0,0,0,0,0,0,0,0,0,0,0,0,0,0,1,0,0,0,0,0,0,0,0,0,0,0,0,0,0,0,0,0,0,0,0,0,0,0,0,0,4,1,1,1,2,1,3,1,0.000601866,4,1.333333333,1.313333333,1.2,3.1291,3,1,0.5,1,0
10,1,0,0,0,0,0,0,0,0,0,0,0,0,0,1,0,0,0,1,1,0,0,0,0,0,0,0,0,0,0,0,0,0,0,0,0,0,0,0,1,0,5,0,0,0,0,1,0,0,0,0,0,0,0,0,0,0,0,0,4,0.857142857,4,1.5,0.166666667,2,8,1,0.000300933,11,1.375,2.195,1.6,3.1291,4,1.5,0.142857143,3,0
11,1,0,1,0,1,0,0,0,0,1,0,0,0,0,0,0,0,0,0,0,0,0,0,1,0,0,0,0,1,0,0,0,1,0,0,0,1,0,1,0,0,0,0,0,0,0,0,0,0,1,0,0,1,1,0,0,0,0,0,3.166666667,1,1,2,1,3,6,1,0.001203732,7,1.166666667,-1.043333333,0.8,3.1291,2,2,0.5,0,0
12,0,0,0,1,2,0,1,0,0,0,0,0,0,1,0,1,0,0,1,0,0,0,2,0,0,0,3,1,0,0,1,0,0,0,0,0,0,0,0,0,0,2,0,0,0,0,1,0,0,1,0,0,1,0,0,0,0,1,1,3.3,1,1,2,1,1,10,0,0.00210653,11,1.1,1.29,4,3.1291,10,2,0.444444444,1,0
13,1,0,0,0,0,0,0,0,0,0,0,0,0,0,1,0,0,0,1,1,0,0,0,0,0,0,0,0,0,0,0,0,0,0,0,0,0,0,0,1,0,2,0,0,0,0,0,0,0,0,0,0,0,0,0,0,0,0,0,4,1,1,2,0,1,2,0,0.000300933,2,1,-3.01,0.8,3.1291,2,2,0,0,0
14,1,0,0,0,0,0,0,0,0,0,0,0,0,0,1,0,0,0,0,0,0,0,0,0,0,0,0,0,0,0,1,0,0,0,0,0,0,0,0,0,0,1,0,0,0,0,0,0,0,0,0,0,1,0,0,0,0,0,0,4,1,0,0,0,1,2,0,0.000300933,2,1,-3.01,0.8,3.1291,2,0,0,0,0
15,0,1,0,1,3,0,1,0,0,0,0,0,2,2,0,2,0,0,2,1,0,0,1,0,0,0,2,0,0,1,1,0,1,0,0,0,0,0,0,0,0,6,0,0,0,0,3,0,0,0,0,0,1,0,0,0,1,0,0,4.466666667,0.928571429,4,2.25,0.75,1,15,3,0.002407463,19,1.266666667,5.206666667,8.666666667,8.841846275,15,2.25,0.428571429,2,0
16,0,0,0,0,1,1,0,0,0,0,0,0,1,0,0,0,0,1,0,1,1,1,0,2,1,0,0,0,0,1,0,0,0,0,0,0,1,0,2,0,0,0,0,0,0,0,1,0,0,1,0,0,0,0,1,0,0,0,0,3.875,1,1,1,2.5,2,8,1,0.001504664,9,1.125,-0.755,1.6,3.1291,4,1,0.666666667,0,0
17,1,0,0,0,0,0,0,1,0,0,0,0,0,1,1,1,0,0,1,1,0,0,0,1,0,0,1,1,0,0,0,0,1,0,0,1,0,0,1,1,0,3,0,0,0,0,1,0,0,2,0,0,2,0,1,0,0,0,0,4.4,1,1,2,0.375,2,10,1,0.00210653,12,1.2,0.52,2,3.1291,5,2,0.272727273,1,0
18,1,0,0,0,0,0,0,0,0,0,0,0,2,2,1,1,0,0,1,2,1,0,0,0,0,0,0,0,0,0,0,0,0,0,0,0,0,1,0,1,1,3,0,1,0,0,1,0,0,0,0,1,0,0,0,0,0,0,1,3.25,1,1,2,1.666666667,1,8,0,0.001504664,8,1,-0.67,3.2,3.1291,8,2,0.625,0,0
19,1,0,0,0,0,0,0,0,0,0,0,0,0,0,1,0,0,0,0,0,0,0,0,0,0,0,0,0,0,0,1,0,0,1,0,0,0,0,0,0,1,1,0,0,0,0,0,0,1,0,0,0,0,0,0,0,0,0,0,3.666666667,1,0,0,0,1,3,0,0.000300933,4,1.333333333,1.313333333,1.2,3.1291,3,0,0,0,0
20,1,0,0,0,0,0,0,0,0,0,0,0,0,1,1,1,0,0,1,1,0,0,3,0,0,0,0,0,0,0,0,0,0,1,0,0,0,0,0,1,0,4,0,0,0,0,1,0,0,2,0,0,0,0,0,0,0,0,0,3.727272727,1,3,1.666666667,0.5,2,11,1,0.001504664,12,1.090909091,-0.572272727,2.2,3.1291,5.5,1.666666667,0.25,0,0
21,0,0,0,0,0,0,0,0,0,0,0,0,1,0,0,0,0,0,0,0,0,0,0,0,0,0,0,0,0,0,0,0,0,1,0,0,0,0,0,0,0,0,0,0,0,0,0,0,0,0,0,0,0,0,0,0,0,0,0,4,1,0,0,1,1,1,0,0.000300933,1,1,-3.4,0.4,3.1291,1,0,0,0,0
22,0,0,0,0,0,0,0,0,0,0,0,0,2,0,0,0,0,0,0,0,2,0,0,0,0,1,0,0,0,0,0,0,0,0,0,0,0,0,0,0,0,2,0,0,0,0,1,0,0,0,0,1,0,0,0,0,0,0,0,4.833333333,1,2,1.5,1,1,6,2,0.000601866,6,1,-1.45,2.4,3.1291,6,1.5,0.5,0,1
23,2,1,0,0,0,0,0,0,0,1,0,2,2,2,1,0,0,1,2,2,0,0,0,2,0,2,0,0,0,0,1,0,0,0,0,0,0,0,2,0,0,4,0,1,1,0,1,0,0,0,0,0,1,0,0,0,0,0,1,3.75,1,1,2,1,1,12,0,0.002708396,12,1,0.89,4.8,3.1291,12,2,0.454545455,0,0
24,2,0,1,1,5,4,0,0,0,1,0,0,2,3,1,2,1,0,2,1,0,1,2,3,1,1,4,0,0,1,0,1,1,2,0,0,1,0,3,1,0,0,0,2,0,0,1,0,0,2,0,2,4,0,0,0,1,3,1,4.035714286,0.851851852,4,1.75,1.461538462,4,28,4,0.005717725,30,1.071428571,-0.217142857,2.8,3.1291,7,1.75,0.518518519,6,0
25,2,0,0,0,0,0,0,0,0,0,0,0,0,0,2,0,0,0,0,1,0,0,0,0,0,0,0,0,0,0,0,0,0,0,0,0,0,0,0,1,0,3,0,0,0,0,0,0,0,0,0,0,0,0,0,0,0,0,0,30.25,1,1,4,0,1,4,2,0.000601866,4,1,-2.23,1.6,3.1291,4,4,0,0,0
26,0,0,0,0,0,0,0,0,0,0,0,0,1,0,0,0,0,1,0,0,1,0,1,0,0,0,0,0,0,0,0,0,0,0,0,0,0,0,0,0,0,0,0,0,0,0,0,0,0,1,0,0,0,0,1,0,0,0,0,4.75,1,0,0,1,1,4,1,0.000902799,5,1.25,0.72,1.6,3.1291,4,0,0.333333333,0,0
27,0,0,0,0,0,0,0,0,0,0,0,0,0,1,0,1,0,0,0,0,0,0,0,0,0,0,1,0,0,0,0,0,0,0,0,0,0,0,0,0,0,3,0,0,1,0,0,0,0,0,0,0,1,0,0,0,1,0,1,5.333333333,1,3,1.666666667,0.5,2,6,2,0.000601866,7,1.166666667,-0.653333333,1.2,3.1291,3,1.666666667,0.333333333,0,0
28,0,0,0,0,1,0,1,0,0,0,0,0,0,1,0,1,0,0,1,0,0,0,0,0,0,0,0,0,1,0,0,0,0,0,0,0,0,0,0,0,0,3,0,0,0,0,1,0,0,0,0,0,0,0,0,0,0,0,0,4.25,1,1,2,1,1,4,1,0.000601866,6,1.5,3.67,11.6,8.841846275,4,2,0.5,0,0
29,0,0,0,0,0,0,0,0,0,0,0,0,1,0,0,0,0,0,0,0,0,0,0,0,0,0,0,0,0,0,0,0,0,1,0,0,0,0,0,0,0,0,0,0,0,0,0,0,0,0,0,0,0,0,0,0,0,0,0,4,1,0,0,1,1,1,0,0.000300933,1,1,-3.4,0.4,3.1291,1,0,0,0,0
30,0,0,0,0,0,0,0,0,0,0,0,0,2,0,0,0,0,1,0,2,1,0,0,0,0,0,1,0,0,0,0,0,0,1,0,0,2,0,0,0,0,0,0,0,0,1,1,0,0,0,0,0,0,0,1,0,0,0,1,4.125,1,1,2,2,2,8,1,0.001805597,9,1.125,-0.755,1.6,3.1291,4,2,0.571428571,1,0
31,6,15,1,1,2,0,0,2,0,2,1,0,29,13,4,0,8,0,0,25,14,0,10,7,0,5,13,0,6,0,0,3,1,0,0,0,0,4,7,12,8,30,0,4,2,0,4,0,0,1,0,2,5,5,2,0,2,0,10,5.010752688,0.49122807,54,1.907407407,0.776595745,12,186,45,0.027384893,269,1.446236559,7.520591398,10.9311828,10.86419502,15.5,1.907407407,0.450292398,2,1
32,1,0,0,0,0,0,0,0,0,0,0,0,1,0,1,0,0,0,1,0,2,0,0,0,0,0,0,0,0,0,1,0,0,1,0,0,0,0,0,0,1,3,0,0,0,0,0,0,0,0,0,0,0,0,0,0,0,0,0,3.75,1,2,1.5,0.333333333,1,4,0,0.000902799,4,1,-2.23,1.6,3.1291,4,1.5,0.25,0,0
33,1,0,0,0,0,0,0,0,0,0,0,0,0,0,1,0,0,1,0,0,0,0,0,0,0,0,0,0,0,0,0,0,0,0,0,0,0,0,0,0,0,1,0,0,0,0,0,0,0,0,0,0,0,0,0,0,0,0,0,9,1,0,0,0,1,1,1,0.000300933,3,3,20.2,40.4,8.841846275,1,0,0,1,0
34,1,0,0,0,0,0,0,0,0,0,0,0,0,0,1,0,0,0,1,0,0,0,0,0,0,0,0,0,0,0,1,0,0,0,0,0,0,0,0,0,0,1,0,0,0,0,0,0,0,0,0,0,1,0,0,0,0,0,0,5,1,1,2,0,1,2,0,0.000300933,2,1,-3.01,0.8,3.1291,2,2,0,0,0
35,3,1,0,0,1,0,0,0,0,0,0,1,0,1,3,0,0,0,0,1,0,1,0,1,0,1,0,0,0,0,0,0,0,0,0,0,0,0,1,0,0,1,0,1,0,0,1,0,0,1,0,1,2,0,0,0,0,0,0,4.545454545,1,2,2,1.25,3,11,3,0.001504664,17,1.545454545,4.076363636,5.103030303,6.4273556,3.666666667,2,0.555555556,0,0
36,0,0,0,0,0,0,0,0,0,0,0,0,2,0,0,0,0,1,0,0,2,0,0,0,0,1,0,0,0,0,0,0,0,0,0,0,0,0,0,0,0,3,0,0,0,0,1,0,0,0,0,0,0,0,0,0,0,0,0,4.333333333,1,2,1.5,1,1,6,1,0.000601866,6,1,-1.45,2.4,3.1291,6,1.5,0.5,0,1
37,1,0,0,0,0,0,0,0,0,0,0,0,0,0,1,0,0,0,1,1,0,0,0,0,0,0,0,0,0,0,0,0,0,0,0,0,0,0,0,1,0,2,0,0,0,0,1,0,0,0,0,0,0,0,0,0,0,0,0,4,1,1,2,0.5,1,3,0,0.000300933,3,1,-2.62,1.2,3.1291,3,2,0.333333333,0,0
38,1,1,1,0,1,0,0,0,0,0,0,0,3,2,1,1,1,0,2,3,1,0,0,0,0,1,0,0,1,0,0,0,0,0,0,0,0,0,0,3,0,4,0,1,2,0,2,0,0,1,0,0,0,0,0,0,1,0,1,3.411764706,0.882352941,5,2.2,1.125,2,17,0,0.002407463,18,1.058823529,0.219117647,3.4,3.1291,8.5,2.2,0.529411765,0,0
39,1,0,0,0,0,0,0,0,0,0,0,0,0,0,1,0,0,0,1,0,0,0,0,0,0,0,0,0,0,0,0,0,0,0,0,0,0,0,0,0,0,2,0,0,0,0,0,0,0,0,0,0,0,0,0,0,0,0,0,4,1,1,2,0,1,2,0,0.000300933,2,1,-3.01,0.8,3.1291,2,2,0,0,0
40,0,0,0,0,0,0,0,0,0,0,0,0,1,0,0,0,0,1,0,0,1,0,0,0,0,0,0,0,0,0,0,0,0,0,0,0,0,0,0,0,0,0,0,0,0,0,0,0,0,0,0,0,0,0,1,0,0,0,0,4.666666667,1,0,0,1,1,3,1,0.000601866,4,1.333333333,1.313333333,1.2,3.1291,3,0,0.5,0,0
41,0,0,0,0,2,0,2,0,0,0,0,0,0,2,0,2,0,0,1,0,0,0,4,1,0,0,0,0,3,0,0,0,0,0,0,0,1,0,1,0,0,2,0,0,0,0,1,0,0,0,0,0,1,2,0,0,0,0,1,3.461538462,0.833333333,2,2,1,1,13,1,0.002708396,15,1.153846154,3.095384615,8.276923077,8.841846275,13,2,0.5,2,0
42,1,0,0,0,0,0,0,0,0,0,0,0,0,0,1,0,0,0,0,1,0,0,0,0,0,0,0,0,0,0,0,0,0,0,0,0,0,0,0,1,0,2,0,0,0,0,0,0,0,0,0,0,0,0,0,0,0,0,0,5.5,1,1,2,0,1,2,1,0.000300933,3,1.5,2.89,0.8,3.1291,2,2,0,0,0
43,1,2,0,1,1,0,0,0,0,0,0,0,2,0,1,0,0,0,1,0,0,0,1,0,0,0,0,0,0,0,1,0,1,1,0,0,0,0,0,0,1,2,0,0,0,0,2,0,1,0,0,0,0,0,0,0,0,0,0,3.111111111,0.777777778,2,2.5,1,1,9,0,0.001805597,9,1,-0.28,3.6,3.1291,9,2.5,0.555555556,0,0
44,1,0,0,0,1,0,0,0,0,0,0,0,2,1,1,1,0,0,0,2,1,0,0,0,1,1,1,0,0,1,0,0,0,0,0,0,0,0,0,1,0,2,0,0,0,0,1,0,0,2,0,1,0,0,0,0,0,0,0,3.666666667,1,2,1.5,1.5,1,9,0,0.00210653,13,1.444444444,4.964444444,8.044444444,8.841846275,9,1.5,0.555555556,1,0
45,3,0,0,2,2,0,0,0,0,0,0,0,0,3,3,2,0,0,1,3,0,0,0,0,0,0,0,0,0,0,0,0,0,0,0,1,0,1,0,2,0,3,0,1,0,0,1,0,0,2,0,0,1,0,0,0,0,0,0,4.818181818,0.818181818,1,2,0.75,3,11,4,0.002407463,19,1.727272727,6.221818182,12.37575758,8.841846275,3.666666667,2,0.272727273,0,0
46,0,0,0,0,0,0,0,0,0,0,0,0,1,1,0,1,0,1,0,0,1,0,1,0,0,0,1,0,0,0,0,0,0,0,0,0,0,0,0,0,0,0,0,0,0,0,0,0,0,1,0,0,0,0,1,0,0,0,0,3.5,1,0,0,1,1,6,1,0.001203732,7,1.166666667,0.516666667,2.4,3.1291,6,0,0.25,0,0
47,1,1,0,0,0,0,0,0,0,1,0,0,0,0,0,0,0,0,1,0,0,0,0,0,0,0,1,0,0,0,0,0,0,0,0,0,0,0,0,0,0,1,0,0,0,0,1,0,0,0,0,0,1,0,0,0,1,0,1,3,1,1,2,1,1,4,0,0.000902799,4,1,-2.23,1.6,3.1291,4,2,0.5,0,0
48,0,0,0,0,0,0,0,0,0,0,0,0,0,0,0,0,0,0,0,0,0,0,0,0,0,0,0,0,0,0,0,0,0,0,0,0,0,0,0,0,0,1,0,0,0,0,0,0,0,0,0,0,0,0,0,0,0,0,0,5,1,1,1,0,1,1,0,0,1,1,-3.4,0.4,3.1291,1,1,0,0,0
49,2,1,0,1,1,0,0,0,0,0,0,0,1,0,2,0,0,0,1,0,1,0,0,0,0,0,0,0,0,0,1,0,0,1,0,0,0,0,0,0,1,3,0,0,0,0,1,0,0,0,0,0,2,0,0,0,0,0,0,3.75,1,1,6,0.333333333,1,8,0,0.001203732,9,1.125,0.805,3.2,3.1291,8,6,0.25,1,0
50,2,0,0,0,0,0,0,0,0,0,0,0,0,0,2,0,0,0,0,0,0,0,0,0,0,0,0,0,0,0,1,0,0,0,0,0,0,0,0,0,0,1,0,0,0,0,0,0,0,1,0,0,1,0,0,0,0,0,0,5,1,1,3,0,1,4,1,0.000601866,5,1.25,0.72,1.6,3.1291,4,3,0,0,0
51,0,1,0,0,0,0,0,0,0,0,0,0,1,0,0,0,0,0,0,0,1,0,2,1,0,1,1,0,1,0,0,0,0,1,0,0,0,0,1,0,0,5,0,0,0,0,2,0,0,0,0,0,2,0,0,0,0,0,0,4.842105263,0.857142857,7,1.142857143,0.444444444,3,19,4,0.001805597,27,1.421052632,3.648421053,6.743859649,7.793537801,6.333333333,1.142857143,0.357142857,1,1
52,0,1,0,0,0,0,0,0,0,0,0,0,0,0,0,0,0,1,0,0,0,0,0,0,0,0,1,0,0,0,0,0,0,0,0,0,0,0,0,0,0,3,0,0,0,0,2,0,0,0,0,0,0,0,0,0,0,0,0,5.9,0.833333333,2,1,0.5,2,10,3,0.000601866,16,1.6,5.24,10,8.841846275,5,1,0.333333333,0,1
53,0,0,0,0,0,0,0,0,0,0,0,0,0,0,0,0,0,0,0,0,0,0,0,0,0,0,0,0,0,0,0,0,0,0,0,0,0,0,0,0,0,1,0,0,0,0,0,0,0,0,0,0,0,0,0,0,0,0,0,4,0.5,0,0,0,1,2,0,0,4,2,8.79,0.8,3.1291,2,0,0,0,0
54,1,0,0,0,2,0,0,0,1,0,0,1,0,1,1,0,0,1,0,1,0,0,0,1,2,0,2,0,0,2,0,0,0,0,0,0,0,0,1,0,0,1,0,2,0,0,0,0,0,1,0,0,1,0,0,0,1,0,0,4,0.875,0,0,3,1,8,2,0.001805597,12,1.5,5.23,13.2,11.20814326,8,0,0.75,0,0
55,0,0,0,0,1,1,0,0,0,0,0,0,2,1,0,0,0,1,0,1,2,1,0,1,1,0,0,0,0,1,0,0,0,0,0,0,0,1,1,0,1,0,0,0,1,0,0,0,0,0,0,0,0,0,1,0,0,0,0,4,1,2,1.5,1.5,1,7,1,0.001504664,8,1.142857143,0.625714286,2.8,3.1291,7,1.5,0.666666667,0,1
56,0,0,0,0,0,0,0,0,0,0,0,0,0,0,0,0,0,0,0,0,0,0,0,0,0,0,0,0,0,0,0,0,0,0,0,0,0,0,0,0,0,1,0,0,0,0,0,0,0,0,0,0,0,0,0,0,0,0,0,13,1,1,1,0,1,1,1,0,1,1,-3.4,0.4,3.1291,1,1,0,1,0
57,0,0,0,0,0,0,0,0,0,0,0,0,0,3,0,3,0,0,0,0,1,0,1,0,0,0,0,0,0,0,0,0,0,0,0,0,0,0,0,0,0,1,0,1,0,0,0,0,0,1,0,0,2,0,0,0,0,0,0,3.9,0.875,0,0,0.8,2,10,2,0.001203732,12,1.2,0.52,2,3.1291,5,0,0.375,0,1
58,3,3,1,1,7,1,2,0,0,2,1,2,5,5,1,0,0,0,1,5,3,2,5,2,1,0,3,0,4,2,0,0,0,2,0,1,2,2,2,0,0,14,0,5,0,0,2,0,0,2,0,1,2,2,0,0,1,0,0,3.934782609,0.844444444,10,2.2,0.92,7,46,3,0.009027987,54,1.173913043,0.825031056,3.498136646,5.288315135,6.571428571,2.2,0.444444444,3,0
59,1,0,0,0,0,0,0,0,0,0,0,0,0,1,1,1,0,0,0,2,0,0,0,0,0,0,1,0,0,0,0,0,0,0,0,0,0,0,0,2,0,2,0,0,1,0,1,0,0,0,0,0,0,0,0,0,0,0,1,1.183673469,1,2,48.5,0.666666667,2,98,0,0.000902799,98,1,15.32,19.6,3.1291,49,48.5,0.4,0,0
60,0,0,0,0,0,0,0,0,0,0,0,0,2,0,0,0,0,1,0,0,2,0,0,0,0,1,0,0,0,0,0,0,0,0,0,0,0,0,0,0,0,3,0,0,0,0,1,0,0,0,0,0,0,0,0,0,0,0,0,4.333333333,1,2,1.5,1,1,6,1,0.000601866,6,1,-1.45,2.4,3.1291,6,1.5,0.5,0,1
61,1,0,0,0,0,0,0,0,0,0,0,0,0,2,1,1,0,0,0,2,0,0,0,0,0,0,0,0,0,0,0,0,0,0,0,0,0,1,0,1,0,1,0,1,0,0,0,0,0,0,0,0,0,0,0,0,0,0,0,2.666666667,1,0,0,2,1,3,0,0.000902799,3,1,-2.62,1.2,3.1291,3,0,0.666666667,1,0
62,0,3,0,1,3,0,2,0,0,0,0,0,4,2,0,1,1,3,0,3,2,0,3,1,1,2,2,0,1,0,0,0,1,1,0,1,0,0,1,2,1,7,0,1,0,0,3,0,1,2,0,2,4,1,0,0,0,0,0,4.147058824,0.875,6,2.166666667,0.7,4,34,5,0.006620524,46,1.352941176,3.689705882,6.929411765,8.076483399,8.5,2.166666667,0.375,1,0
63,0,0,0,0,0,0,0,0,0,0,0,0,0,0,0,0,0,0,0,0,0,0,0,0,0,0,0,0,0,0,0,0,0,0,0,0,0,0,0,0,0,1,0,0,0,0,0,0,0,0,0,1,0,0,0,0,0,0,0,6,1,1,1,0,1,2,1,0,3,1.5,2.89,0.8,3.1291,2,1,0,0,0
64,2,1,0,1,1,0,0,0,0,0,0,0,0,0,2,0,0,0,1,0,0,0,1,0,0,0,0,0,1,0,1,0,0,1,0,0,0,0,0,0,1,1,0,1,0,0,1,0,0,2,0,0,0,1,0,0,0,0,0,3.428571429,1,1,1,1,1,7,0,0.001504664,8,1.142857143,0.625714286,2.8,3.1291,7,1,0.428571429,0,0
65,1,0,0,0,0,0,0,0,0,0,0,0,1,0,1,0,0,0,1,1,0,0,0,0,0,0,1,0,0,0,1,0,0,0,0,1,0,0,0,0,0,4,0,0,1,0,1,0,0,0,0,0,1,0,0,0,0,0,1,3.375,1,2,2,0.75,3,8,0,0.001203732,9,1.125,-1.275,1.066666667,3.1291,2.666666667,2,0.5,8,0
66,2,0,0,0,1,1,0,0,0,0,0,1,1,2,2,1,0,0,1,5,0,1,1,1,1,0,3,1,1,1,1,1,0,1,0,0,0,0,1,0,0,2,0,1,1,0,1,0,0,0,0,2,0,1,1,0,1,1,2,4.444444444,0.882352941,5,1.8,0.636363636,3,18,3,0.003310262,22,1.222222222,1.172222222,2.4,3.1291,6,1.8,0.352941176,0,1
67,1,0,0,0,0,0,0,0,0,0,0,0,0,0,1,0,0,0,1,0,0,0,0,0,0,0,0,0,0,0,0,0,0,0,0,0,0,0,0,0,0,2,0,0,0,0,0,0,0,0,0,0,0,0,0,0,0,0,0,4,1,1,2,0,1,2,0,0.000300933,2,1,-3.01,0.8,3.1291,2,2,0,0,0
68,0,0,0,0,0,0,0,0,0,0,0,0,0,0,0,0,0,0,0,0,0,0,0,0,0,0,0,0,0,0,0,0,0,0,0,0,0,0,0,0,0,1,0,0,0,0,0,0,0,0,0,0,0,0,0,0,0,0,0,4,0.5,0,0,0,1,2,0,0,4,2,8.79,0.8,3.1291,2,0,0,0,0
69,1,0,0,0,0,0,0,0,0,0,0,0,0,0,1,0,0,0,0,0,0,0,0,0,0,0,0,0,0,0,0,0,0,0,0,0,0,0,0,0,0,2,0,0,0,0,0,0,0,0,0,0,0,0,0,0,0,0,0,5,1,1,2,0,1,2,0,0.000300933,4,2,8.79,0.8,3.1291,2,2,0,0,0
70,1,0,1,0,3,1,0,0,0,1,0,0,0,0,0,0,0,1,1,0,0,1,0,2,1,0,1,0,0,1,0,0,0,0,0,0,1,0,2,0,0,2,0,0,0,0,1,0,0,0,0,0,1,0,0,0,0,1,1,4.444444444,1,3,1.333333333,0.8,1,9,1,0.001203732,11,1.222222222,2.342222222,3.6,3.1291,9,1.333333333,0.375,0,0
71,1,0,0,0,0,0,0,0,0,0,0,0,0,0,1,0,0,0,0,1,0,0,0,0,0,0,0,0,0,0,0,0,0,0,0,0,0,0,0,1,0,0,0,1,0,0,0,0,0,0,0,1,0,0,0,0,0,0,0,2,1,1,2,1,3,4,0,0.000300933,4,1,-3.27,0.533333333,3.1291,1.333333333,2,0.5,0,0
72,3,0,0,1,2,0,0,0,0,0,0,2,2,3,3,1,0,1,0,2,1,0,0,1,0,2,2,0,0,1,1,0,3,4,0,0,0,0,1,0,0,2,0,1,1,0,1,0,0,2,0,0,3,0,1,0,2,0,1,4.818181818,0.863636364,3,1.666666667,0.666666667,2,22,5,0.005115859,30,1.363636364,4.790909091,6.218181818,7.16862163,11,1.666666667,0.454545455,1,0
73,0,0,0,0,0,0,0,0,0,0,0,0,1,0,0,0,0,0,0,1,0,0,2,1,0,0,2,0,1,0,0,0,0,1,0,0,0,0,1,0,0,0,0,0,0,0,1,0,0,3,0,1,1,0,0,0,1,0,1,3.583333333,1,3,1.666666667,0.833333333,1,12,2,0.001805597,13,1.083333333,1.873333333,4.8,3.1291,12,1.666666667,0.4,0,0
74,1,1,0,0,1,0,0,0,0,1,0,0,2,1,0,1,0,1,0,0,2,0,0,0,0,0,1,0,0,1,0,0,2,2,1,1,0,0,0,0,0,3,0,2,0,0,2,0,0,0,0,0,1,1,0,0,2,0,1,3.529411765,1,5,2,1.142857143,2,17,0,0.003009329,18,1.058823529,0.219117647,3.4,3.1291,8.5,2,0.5625,0,0
75,0,1,0,0,0,0,0,0,0,0,0,0,0,1,0,0,0,0,0,1,0,0,0,0,0,0,0,0,0,0,0,0,0,0,0,0,0,1,0,0,0,0,0,0,1,0,1,0,0,0,0,0,0,0,0,0,0,0,0,2.6,1,1,4,0,1,5,0,0.000601866,5,1,-1.84,2,3.1291,5,4,1,0,0
76,1,0,0,0,0,0,0,0,0,0,0,0,0,2,1,1,0,0,0,2,0,0,0,0,0,0,0,0,0,0,0,0,0,0,0,0,0,1,0,1,0,1,0,1,0,0,0,0,0,0,0,0,0,0,0,0,0,0,0,2.25,1,0,0,1,1,4,0,0.000902799,4,1,-2.23,1.6,3.1291,4,0,0.5,1,0
77,1,0,0,0,0,0,0,0,0,0,0,0,0,1,1,1,0,0,0,1,0,0,0,0,0,0,0,0,0,0,0,0,0,0,0,0,0,0,0,1,0,2,0,0,0,0,0,0,0,0,0,0,0,0,0,0,0,0,0,1.75,1,3,3,0.5,3,12,1,0.000601866,13,1.083333333,-1.246666667,1.6,3.1291,4,3,0.333333333,1,0
78,1,2,1,0,1,0,0,0,0,0,0,0,1,1,1,1,0,0,2,0,0,0,0,2,0,1,3,0,0,0,0,0,0,0,0,0,0,0,2,0,0,2,0,0,0,0,3,0,0,0,0,0,2,0,0,0,1,0,1,3.666666667,0.866666667,3,1.666666667,2,1,15,3,0.003009329,17,1.133333333,3.633333333,6,3.1291,15,1.666666667,0.666666667,1,0
79,1,1,0,0,1,0,0,0,0,0,0,0,0,1,1,0,0,0,1,1,0,0,0,1,1,0,0,0,0,1,1,0,0,0,0,0,0,1,1,0,0,2,0,0,1,0,2,0,0,2,0,0,1,0,0,0,0,0,0,4,1,2,2,1,4,11,1,0.001504664,14,1.272727273,0.500681818,4.736363636,5.985473137,2.75,2,0.5,6,0
80,1,0,0,0,0,0,0,0,0,0,0,0,0,1,1,1,0,0,0,1,0,0,0,0,0,0,0,0,0,0,0,0,0,0,0,0,0,0,0,1,0,3,0,0,0,0,0,0,0,0,0,0,0,0,0,0,0,0,0,2,1,3,2,0.333333333,1,10,1,0.000601866,11,1.1,1.29,4,3.1291,10,2,0.25,1,0
81,0,2,0,0,1,0,0,0,1,0,0,0,2,1,0,1,0,0,2,1,2,0,1,1,1,0,1,0,0,1,0,0,0,0,0,0,1,0,1,0,0,9,0,0,0,0,2,0,0,1,0,2,1,0,1,0,0,0,1,9.96,0.952380952,6,1.833333333,0.466666667,3,25,10,0.003009329,42,1.68,7.484,11.33333333,10.50422373,8.333333333,1.833333333,0.285714286,2,1
82,0,0,0,0,1,0,1,0,0,0,0,0,1,1,0,1,0,0,0,0,0,0,1,0,0,0,1,0,2,0,0,0,0,1,0,0,0,0,0,0,0,2,0,1,0,0,1,0,0,0,0,1,0,1,0,0,1,0,0,4.625,1,1,1,1.25,1,8,2,0.001203732,12,1.5,5.23,8.2,8.841846275,8,1,0.5,1,0
83,1,0,0,0,0,0,0,0,0,0,0,0,0,2,1,0,0,0,0,4,0,0,0,0,0,0,2,0,0,0,0,0,0,0,0,0,0,2,0,0,0,2,0,1,1,0,0,0,0,0,0,1,1,0,0,0,0,0,0,4.5,1,1,2,0.25,2,6,0,0.001504664,6,1,-2.62,1.2,3.1291,3,2,0.333333333,0,1
84,1,0,0,0,0,0,0,0,0,0,0,0,0,0,1,0,0,1,0,0,0,0,0,0,0,0,0,0,0,0,0,0,0,0,0,0,0,0,0,0,0,1,0,0,0,0,0,0,0,0,0,0,0,0,0,0,0,0,0,9,1,0,0,0,1,1,1,0.000300933,3,3,20.2,40.4,8.841846275,1,0,0,0,0
85,0,0,0,0,0,0,0,0,0,0,0,0,1,0,0,0,0,0,0,0,0,0,0,0,0,0,0,0,0,0,0,0,0,1,0,0,0,0,0,0,0,0,0,0,0,0,0,0,0,0,0,0,0,0,0,0,0,0,0,4,1,0,0,1,1,1,0,0.000300933,1,1,-3.4,0.4,3.1291,1,0,0,0,0
86,3,0,0,0,0,0,0,0,0,0,0,0,0,4,3,0,1,1,0,5,0,0,0,1,0,1,2,0,0,0,0,0,0,0,0,0,0,3,1,2,0,1,0,2,0,0,0,0,0,2,0,0,0,0,0,0,0,0,0,4.25,0.727272727,1,1,1.75,3,12,2,0.003009329,17,1.416666667,2.686666667,4.933333333,6.4273556,4,1,0.636363636,0,0
87,1,0,0,0,0,0,0,0,0,0,0,0,0,0,1,0,0,0,0,0,0,0,0,0,0,0,0,0,0,0,1,0,0,0,0,0,0,0,0,0,0,0,0,0,0,0,0,0,0,0,0,0,1,0,0,0,0,0,0,5,1,0,0,0,1,1,0,0.000300933,1,1,-3.4,0.4,3.1291,1,0,0,1,0
88,1,0,0,0,0,0,0,0,0,0,0,0,0,0,1,0,0,0,1,0,1,0,0,0,0,0,0,0,0,0,1,0,0,1,0,0,0,0,0,0,1,3,0,0,0,0,0,0,0,0,0,0,0,0,0,0,0,0,0,4,1,1,4,0,1,4,0,0.000601866,4,1,-2.23,1.6,3.1291,4,4,0,0,0
89,3,1,0,1,1,0,0,0,0,1,0,1,1,1,2,0,0,0,0,3,0,0,1,0,0,0,2,0,1,0,1,0,0,1,1,0,0,0,0,1,1,3,0,1,1,0,1,0,0,1,0,0,2,1,1,0,0,0,1,4.571428571,1,3,2,0.75,2,14,3,0.002708396,18,1.285714286,2.311428571,2.8,3.1291,7,2,0.384615385,0,1
90,1,0,0,0,0,0,0,0,0,0,0,0,0,0,1,0,0,1,1,0,0,0,0,1,0,0,1,0,0,0,0,0,0,0,0,0,0,0,1,0,0,1,0,0,0,0,1,0,0,1,0,0,1,0,0,0,1,0,1,3.6,1,2,1.5,1.5,1,5,0,0.000902799,6,1.2,0.52,2,3.1291,5,1.5,0.6,0,0
91,1,0,0,0,0,0,0,0,0,0,0,0,0,3,1,3,0,0,1,2,0,0,4,2,0,1,0,0,2,0,0,0,0,0,0,0,1,0,2,1,0,1,0,1,0,0,1,0,0,2,0,1,1,2,0,0,0,0,0,3.066666667,0.857142857,1,2,2,2,15,0,0.003310262,16,1.066666667,-0.078333333,3,3.1291,7.5,2,0.642857143,3,0
92,1,0,0,0,0,0,0,0,0,0,0,0,0,0,1,0,0,0,1,0,0,0,0,0,0,0,0,0,0,0,0,0,0,0,0,0,0,0,0,0,0,2,0,0,0,0,0,0,0,0,0,0,0,0,0,0,0,0,0,4,1,1,2,0,1,2,0,0.000300933,2,1,-3.01,0.8,3.1291,2,2,0,0,0
93,0,0,0,0,0,0,0,0,0,0,0,0,0,0,0,0,0,0,0,0,0,0,0,0,0,0,0,0,0,0,0,0,0,0,0,0,0,0,0,0,0,1,0,0,0,0,0,0,0,0,0,0,0,0,0,0,0,0,0,8,0.5,1,2,0,1,2,1,0,3,1.5,2.89,0.8,3.1291,2,2,0,0,0
94,1,0,0,0,0,0,0,1,0,0,0,0,2,2,1,2,0,0,0,1,0,0,0,0,0,0,1,0,0,0,0,0,0,0,0,0,0,0,0,1,1,3,0,0,1,0,0,0,1,0,0,2,0,0,0,0,0,0,0,3.25,1,2,1,0.571428571,2,12,2,0.00210653,15,1.25,1.5,2.4,3.1291,6,1,0.363636364,0,0
95,1,0,0,0,0,0,0,0,0,0,0,1,0,2,1,1,0,0,0,2,0,0,0,0,0,0,0,0,0,0,0,0,0,0,0,0,0,0,0,1,0,1,0,0,1,0,0,0,0,0,0,0,0,0,0,0,0,0,0,2.666666667,1,0,0,2,1,3,0,0.000902799,3,1,-2.62,1.2,3.1291,3,0,0.666666667,0,0
96,2,0,0,0,0,0,0,0,0,0,0,0,0,2,2,2,0,0,1,2,0,0,0,0,0,0,0,0,0,0,0,0,0,0,0,0,0,0,0,2,0,4,0,0,0,0,1,0,0,0,0,0,0,0,0,0,0,0,1,2.090909091,0.714285714,3,5.666666667,0.75,5,22,1,0.001203732,23,1.045454545,-1.537636364,1.76,3.1291,4.4,5.666666667,0.428571429,2,0
97,1,2,0,1,2,0,1,0,0,0,0,0,2,1,1,0,0,0,1,1,1,0,1,0,0,0,1,0,0,0,1,0,0,2,0,1,0,1,0,0,2,5,0,1,0,0,1,0,0,1,0,0,1,0,0,0,0,0,0,3.052631579,0.875,3,2,0.6,1,19,1,0.003009329,20,1.052631579,4.241052632,7.6,3.1291,19,2,0.375,1,1
98,1,0,0,0,0,0,0,0,0,0,0,0,0,1,1,1,0,0,0,0,0,0,0,0,0,0,0,0,1,0,0,0,0,0,0,0,0,0,0,0,0,2,0,0,0,0,0,0,0,0,0,0,0,1,0,0,0,0,0,2,1,1,1,0.5,1,5,0,0.000601866,5,1,-1.84,2,3.1291,5,1,0.333333333,1,0
99,0,0,0,0,0,0,0,0,0,0,0,0,1,1,0,1,0,0,1,0,0,0,0,0,0,0,0,0,0,0,0,0,0,1,0,0,0,0,0,0,0,2,0,0,0,0,1,0,0,0,0,0,0,0,0,0,0,0,0,3.25,1,1,2,1.5,1,4,0,0.000601866,4,1,-2.23,1.6,3.1291,4,2,0.5,1,0
100,0,0,0,0,0,0,0,0,0,0,0,0,1,1,0,1,0,0,0,0,0,0,0,0,0,0,0,0,0,0,0,0,0,1,0,0,0,0,0,0,0,1,0,1,0,0,0,0,0,0,0,0,0,0,0,0,0,0,0,2.333333333,1,0,0,3,1,3,0,0.000601866,3,1,-2.62,1.2,3.1291,3,0,0.666666667,0,0
101,0,0,0,0,0,0,0,0,0,0,0,0,0,0,0,0,0,0,0,0,0,0,0,0,0,0,0,0,0,0,0,0,0,0,0,0,0,0,0,0,0,1,0,0,0,0,0,0,0,0,0,0,0,0,0,0,0,0,0,4,0.5,0,0,0,1,2,0,0,4,2,8.79,0.8,3.1291,2,0,0,0,0
102,1,0,0,0,0,0,0,0,0,0,0,0,0,0,1,0,0,0,1,0,0,0,0,0,0,0,0,0,0,0,0,0,0,0,0,0,0,0,0,0,0,2,0,0,0,0,0,0,0,0,0,0,0,0,0,0,0,0,0,5.5,1,1,2,0,1,2,1,0.000300933,3,1.5,2.89,0.8,3.1291,2,2,0,0,0
103,1,0,0,0,0,0,0,0,0,0,0,0,0,0,1,0,0,0,1,0,0,0,0,0,0,0,0,0,0,0,0,0,0,0,0,0,0,0,0,0,0,2,0,0,0,0,0,0,0,0,0,0,0,0,0,0,0,0,0,4,1,1,2,0,1,2,0,0.000300933,2,1,-3.01,0.8,3.1291,2,2,0,0,0
104,1,0,0,0,0,0,0,0,0,0,0,0,0,2,1,1,0,0,0,1,0,0,0,0,0,0,0,0,0,0,0,0,0,0,0,1,0,1,0,1,0,3,0,0,0,0,0,0,0,0,0,0,0,0,0,0,0,0,0,3.25,1,1,1,0.666666667,1,4,1,0.000902799,5,1.25,0.72,1.6,3.1291,4,1,0.25,0,0
105,0,0,0,0,0,0,0,0,0,0,0,0,0,0,0,0,0,0,0,0,0,0,0,0,0,0,0,0,0,0,0,0,0,0,0,0,0,0,0,0,0,1,0,0,0,0,0,0,0,0,0,0,0,0,0,0,0,0,0,4,0.5,0,0,0,1,2,0,0,4,2,8.79,0.8,3.1291,2,0,0,0,0
106,1,0,0,0,0,0,0,0,0,1,0,0,0,0,0,0,0,0,1,0,0,0,0,0,0,0,1,0,0,0,0,0,0,0,1,0,0,0,0,0,0,1,0,0,0,0,1,0,0,0,0,0,0,0,0,0,1,0,1,4.333333333,1,1,2,0.5,1,3,0,0.000300933,3,1,-2.62,1.2,3.1291,3,2,0.333333333,0,0
107,2,0,0,0,0,0,0,0,0,0,0,0,0,1,2,1,0,0,1,1,0,0,0,0,0,0,0,0,0,0,0,0,0,0,0,1,0,0,0,1,0,4,0,0,0,0,1,0,0,0,0,0,0,0,0,0,0,0,0,3.2,1,1,2,0.666666667,1,5,0,0.000902799,5,1,-1.84,2,3.1291,5,2,0.4,1,0
108,0,0,0,0,0,0,0,0,0,0,0,0,0,0,0,0,0,0,0,0,0,0,0,0,0,0,0,0,0,0,0,0,0,0,0,0,0,0,0,0,0,1,0,0,0,0,0,0,0,0,0,0,0,0,0,0,0,0,0,7,1,1,1,0,1,1,1,0,2,2,8.4,0.4,3.1291,1,1,0,0,0
109,0,0,0,0,0,0,0,0,0,0,0,0,0,2,0,2,0,1,0,0,0,0,1,0,0,0,2,0,0,0,1,0,0,0,0,0,0,0,0,0,0,3,0,0,1,0,0,0,0,1,0,0,2,0,1,0,0,0,1,4.454545455,1,3,1.666666667,0.5,5,11,3,0.001203732,15,1.363636364,1.358909091,0.88,3.1291,2.2,1.666666667,0.4,7,1
110,1,0,0,0,0,0,0,0,0,0,0,0,0,0,1,0,0,0,0,0,0,0,1,0,0,0,0,0,0,0,0,0,0,0,0,0,0,0,0,0,0,0,0,0,0,0,0,0,1,0,0,0,1,0,0,0,0,0,0,2.166666667,1,2,1.5,0,1,6,0,0.000300933,6,1,-1.45,2.4,3.1291,6,1.5,0,0,0
111,0,0,0,0,0,0,0,0,0,0,0,0,2,3,0,2,0,0,0,1,1,0,1,1,0,1,0,0,0,0,0,0,0,0,0,0,0,1,1,0,0,1,0,2,0,1,0,0,0,1,0,1,0,0,0,0,0,0,0,3.8,0.8,0,0,1.75,1,10,2,0.00210653,12,1.2,2.47,4,3.1291,10,0,0.6,1,1
112,1,0,0,0,0,0,0,0,0,0,0,0,0,1,1,0,0,0,0,1,0,0,0,0,0,0,0,0,0,0,1,0,0,1,0,0,0,1,0,0,1,0,0,1,0,0,0,0,0,0,0,0,0,0,0,0,0,0,0,4.333333333,1,1,2,0.5,1,3,0,0.000601866,3,1,-2.62,1.2,3.1291,3,2,0.333333333,0,0
113,0,0,0,0,0,0,0,0,0,0,0,0,0,0,0,0,0,0,0,0,0,0,2,0,0,0,0,1,0,0,0,0,0,0,0,0,0,0,0,0,0,0,0,0,0,0,0,0,0,1,0,0,0,0,0,0,0,0,0,3.333333333,1,1,2,0.5,1,3,0,0.000601866,3,1,-2.62,1.2,3.1291,3,2,0,0,0
114,0,0,0,0,0,0,0,0,0,0,0,0,1,0,0,0,0,0,0,0,0,0,0,0,0,0,0,0,0,0,0,0,0,1,0,0,0,0,0,0,0,0,0,0,0,0,0,0,0,0,0,0,0,0,0,0,0,0,0,4,1,0,0,1,1,1,0,0.000300933,1,1,-3.4,0.4,3.1291,1,0,0,0,0
115,1,0,0,0,1,0,0,0,0,0,0,0,0,0,1,0,0,0,0,1,0,1,0,1,1,0,1,0,0,1,0,0,0,0,0,0,0,0,1,1,0,2,0,0,0,0,0,0,0,0,0,0,1,0,0,0,1,0,1,4.6,1,3,1,0.666666667,1,5,1,0.000902799,8,1.6,5.24,10,8.841846275,5,1,0.4,0,0
116,0,0,0,0,0,0,0,0,0,0,0,0,0,0,0,0,0,0,0,0,0,0,0,0,0,0,0,0,0,0,0,0,0,0,0,0,0,0,0,0,0,1,0,0,0,0,0,0,0,0,0,0,0,0,0,0,0,0,0,4,0.5,0,0,0,1,2,0,0,4,2,8.79,0.8,3.1291,2,0,0,0,0
117,1,0,0,1,1,0,0,0,0,0,0,0,0,0,1,0,0,0,1,0,0,0,1,0,0,0,0,0,0,0,1,0,0,1,0,0,0,0,0,0,1,1,0,0,0,0,0,0,0,1,0,0,0,0,0,0,0,0,0,5.75,1,1,2,0.333333333,1,4,1,0.000601866,5,1.25,0.72,1.6,3.1291,4,2,0,4,0
118,3,0,0,0,0,0,0,0,0,0,0,0,1,0,3,0,0,0,1,1,0,0,0,0,0,0,1,0,0,0,1,0,0,0,0,1,0,0,0,0,0,1,0,0,0,0,0,0,0,1,0,1,2,0,0,0,0,0,0,4.333333333,1,0,0,0.5,1,6,1,0.000902799,8,1.333333333,2.483333333,2.4,3.1291,6,0,0.333333333,0,0
119,1,0,0,0,0,0,0,0,0,0,0,0,0,0,1,0,0,0,0,1,0,0,0,0,0,0,0,0,0,0,0,0,0,0,0,0,0,0,0,1,0,1,0,0,0,0,0,0,0,0,0,0,0,0,0,0,0,0,0,4,1,1,1,0,1,1,0,0.000300933,1,1,-3.4,0.4,3.1291,1,1,0,0,0
120,1,0,0,0,0,0,0,0,0,0,0,0,0,0,1,0,0,0,0,0,0,0,0,0,0,0,0,0,0,0,0,0,0,0,0,0,0,0,0,0,0,1,0,0,0,0,0,0,0,0,0,0,0,0,0,0,0,0,0,3,1,0,0,0,1,1,0,0,1,1,-3.4,0.4,3.1291,1,0,0,0,0
121,0,0,0,0,0,0,0,0,0,0,0,0,0,0,0,0,0,0,0,0,0,0,0,0,0,0,0,0,0,0,0,0,0,0,0,2,0,0,0,0,0,2,0,0,0,0,0,0,0,0,0,0,0,0,0,0,0,0,0,3,0.5,0,0,0,1,4,0,0.000601866,6,1.5,3.67,1.6,3.1291,4,0,0,0,0
122,1,0,0,0,0,0,0,0,0,0,0,0,0,0,1,0,0,1,1,1,0,0,0,1,0,1,0,0,0,0,0,0,0,0,0,0,0,0,1,0,0,3,0,0,0,0,0,0,0,0,0,0,1,0,0,0,0,0,0,5,1,2,2,0.25,1,5,1,0.000902799,7,1.4,2.88,10,8.841846275,5,2,0.2,0,0
123,1,0,0,0,0,0,0,0,0,0,0,0,0,1,1,0,0,0,0,2,0,0,0,0,0,0,0,0,0,0,0,0,0,0,0,0,0,1,0,1,0,1,0,1,0,0,0,0,0,0,0,0,0,0,0,0,0,0,0,4.333333333,1,0,0,0.5,1,3,0,0.000601866,4,1.333333333,1.313333333,1.2,3.1291,3,0,0.333333333,0,0
124,2,0,0,0,1,0,1,0,0,2,0,0,0,1,0,1,0,0,0,0,0,0,0,0,0,0,1,0,0,0,1,1,0,0,0,0,0,0,0,0,1,4,0,0,0,0,0,0,0,0,0,0,2,0,0,0,0,0,1,5.666666667,1,4,1.25,0.285714286,2,9,4,0.000902799,15,1.666666667,5.831666667,6.244444444,7.16862163,4.5,1.25,0.222222222,1,0
125,1,0,0,0,0,0,0,0,0,0,0,0,1,3,1,3,0,0,1,1,1,0,2,1,0,0,0,0,1,0,0,0,0,0,0,0,1,0,1,1,0,3,0,0,1,0,1,0,0,0,0,0,0,1,0,0,0,0,0,3.454545455,0.909090909,2,2.5,1.75,1,11,1,0.002407463,11,1,0.5,4.4,3.1291,11,2.5,0.636363636,2,0
126,1,0,0,0,0,0,0,0,0,1,0,0,0,0,0,0,0,0,0,0,0,0,1,0,0,0,1,0,0,0,0,0,0,0,0,0,0,0,0,0,0,1,0,0,0,0,0,0,0,0,0,0,1,0,0,0,1,0,1,4.5,1,1,2,0.333333333,1,4,1,0.000601866,6,1.5,3.67,11.6,8.841846275,4,2,0.25,0,0
127,1,1,0,1,2,0,0,1,0,0,0,4,1,4,1,0,0,0,2,6,0,0,1,3,0,2,6,0,0,1,0,0,1,1,0,0,0,0,3,1,0,2,0,1,0,0,2,0,0,1,0,0,3,0,1,0,1,1,1,3.962962963,0.76,5,1.4,1.181818182,5,27,4,0.005717725,33,1.222222222,0.938222222,3.641481481,5.683917802,5.4,1.4,0.56,0,0
128,0,0,0,0,0,0,0,0,0,0,0,0,1,1,0,1,0,0,0,0,1,0,0,0,0,1,0,0,0,0,0,0,0,0,0,0,0,0,0,0,0,4,0,1,0,0,0,0,0,0,0,1,1,0,0,0,0,1,1,4.1,1,2,2,0.285714286,2,10,3,0.000601866,14,1.4,2.88,6,7.16862163,5,2,0.222222222,0,1
129,1,0,0,0,0,0,0,0,0,0,0,0,0,0,1,0,0,0,1,0,1,0,0,0,0,0,0,0,0,0,1,0,0,1,0,0,0,0,0,0,1,3,0,0,0,0,0,0,0,0,0,0,1,0,0,0,0,0,0,4.6,1,2,2.5,0,1,5,1,0.000601866,7,1.4,2.88,10,8.841846275,5,2.5,0,0,0
130,1,0,0,0,0,0,0,0,0,1,0,0,0,0,0,0,0,0,0,0,0,0,2,0,0,0,0,0,1,0,0,0,0,0,1,0,0,0,0,0,0,0,0,0,0,0,0,0,1,1,0,0,0,0,0,0,0,0,0,3.25,1,1,2,0,1,4,0,0.000601866,4,1,-2.23,1.6,3.1291,4,2,0,0,0
131,1,0,0,0,0,0,0,0,0,0,0,0,0,0,1,0,0,0,0,0,0,0,0,0,0,0,0,0,0,0,0,0,0,0,0,0,0,0,0,0,0,0,0,0,0,0,0,0,0,1,0,0,1,0,0,0,0,0,0,4,1,0,0,1,1,2,0,0.000300933,2,1,-3.01,0.8,3.1291,2,0,0.5,0,0
132,0,3,0,0,0,0,0,0,0,0,0,0,4,0,0,0,0,3,1,2,0,0,2,1,0,1,3,1,0,0,0,0,2,2,0,0,0,0,1,1,1,6,0,0,0,0,2,0,2,3,0,4,4,0,0,0,2,0,3,5.673913043,0.783783784,10,2.6,0.52173913,3,46,14,0.005717725,69,1.5,8.09,9.611594203,9.725611199,15.33333333,2.6,0.378378378,0,1
133,0,0,0,0,0,0,0,0,0,0,0,0,1,1,0,1,0,0,0,0,0,0,0,0,0,0,0,0,0,0,0,0,0,1,0,0,0,0,0,0,0,0,0,1,0,0,0,0,0,0,0,0,0,0,0,0,0,0,0,3,1,0,0,2,1,2,0,0.000601866,2,1,-3.01,0.8,3.1291,2,0,0.5,0,0
134,0,0,0,0,0,0,0,0,0,0,0,0,0,0,0,0,0,0,1,0,0,0,0,0,0,0,0,0,0,0,0,0,0,0,0,0,0,0,0,0,0,3,0,0,0,0,0,0,0,0,0,0,0,0,0,0,0,0,0,4.75,0.75,1,4,0,1,4,1,0,7,1.75,6.62,1.6,3.1291,4,4,0,4,0
135,3,1,0,0,6,0,2,1,2,2,0,2,3,3,1,1,0,0,4,3,1,0,0,4,3,1,6,1,0,4,1,1,0,2,0,0,1,0,4,0,0,4,0,2,1,0,3,1,0,1,0,1,3,1,3,0,3,1,2,3.977777778,0.829268293,12,1.416666667,1.05,5,45,6,0.007523322,57,1.266666667,2.866666667,6.266666667,7.554174237,9,1.416666667,0.512195122,1,0
136,1,1,0,0,1,1,0,0,0,0,0,0,0,1,1,1,0,0,1,1,1,0,0,1,0,1,0,1,0,0,0,0,0,0,0,0,0,0,1,1,0,3,0,0,0,0,2,0,0,0,0,1,1,0,0,0,0,0,0,3.666666667,1,2,2.5,0.8,1,9,0,0.001504664,10,1.111111111,1.031111111,3.6,3.1291,9,2.5,0.444444444,1,0
137,1,0,0,0,0,0,0,0,0,0,0,0,0,0,1,0,0,0,0,0,0,0,1,0,0,0,0,0,0,0,1,0,0,0,0,0,0,0,0,0,0,0,0,0,0,0,0,0,0,0,0,0,1,0,0,0,0,0,0,4.5,1,1,2,0,1,2,0,0.000300933,2,1,-3.01,0.8,3.1291,2,2,0,0,0
138,2,0,2,0,2,0,0,0,0,1,0,0,0,2,1,2,0,0,0,0,0,0,1,1,0,1,2,0,1,0,0,1,0,0,0,0,0,0,1,0,0,1,0,2,0,0,0,0,0,1,0,0,2,1,1,0,1,0,0,5.083333333,0.833333333,1,1,0.5,1,12,3,0.002407463,20,1.666666667,8.756666667,14.8,13.0238668,12,1,0.333333333,0,0
139,1,0,0,0,0,0,0,0,0,0,0,0,1,1,1,1,0,0,1,1,0,0,0,1,0,0,0,0,0,0,0,0,1,0,0,0,0,0,1,1,0,2,0,0,1,0,1,0,1,1,0,0,1,0,0,0,0,0,0,3.3,1,3,1.666666667,0.666666667,3,10,0,0.001504664,10,1,-2.49,1.333333333,3.1291,3.333333333,1.666666667,0.4,0,0
140,3,0,0,0,0,0,0,0,0,1,0,0,1,0,1,0,0,0,1,1,0,0,0,0,0,0,0,0,0,0,0,1,0,0,0,0,0,0,0,1,0,4,0,0,0,0,0,0,0,0,0,0,3,0,0,0,0,0,0,4.625,1,1,3,0.142857143,2,8,2,0.001504664,11,1.375,2.195,1.6,3.1291,4,3,0.125,0,0
141,2,0,0,0,0,0,0,1,0,1,0,0,0,0,1,0,0,0,1,0,0,0,0,0,0,0,1,0,0,0,1,0,0,1,0,0,0,0,0,0,1,2,0,0,0,0,0,0,0,0,0,1,1,0,0,0,0,0,0,3.4,1,2,1.5,0,2,5,0,0.000601866,6,1.2,-0.455,1,3.1291,2.5,1.5,0.2,5,0
142,1,0,0,0,0,0,0,0,0,1,0,0,0,0,0,0,0,0,0,0,0,0,0,1,0,1,1,0,0,0,0,0,0,0,1,0,0,0,1,0,0,1,0,0,0,0,1,0,0,0,0,0,2,0,0,0,1,0,0,4.666666667,1,2,1,1,1,6,1,0.000601866,8,1.333333333,2.483333333,9.066666667,8.841846275,6,1,0.5,6,0
143,0,0,0,0,0,0,0,0,0,0,0,0,0,0,0,0,0,0,0,0,0,0,0,0,0,0,0,0,0,0,0,0,0,0,0,0,0,0,0,0,0,1,0,0,0,0,1,0,0,0,0,0,0,0,1,0,0,0,0,4.25,1,0,0,0.5,1,4,1,0,6,1.5,3.67,11.6,8.841846275,4,0,0.333333333,1,0
144,1,0,0,0,0,0,0,0,0,0,0,0,0,0,1,0,0,0,0,0,0,0,0,0,0,0,0,0,0,0,0,0,0,0,0,0,0,0,0,0,0,2,0,0,0,0,0,0,0,0,0,0,0,0,0,0,0,0,0,5.5,1,1,2,0,1,2,1,0.000300933,3,1.5,2.89,0.8,3.1291,2,2,0,0,0
145,1,0,0,0,0,0,0,0,0,0,0,0,0,2,1,1,0,0,0,2,0,0,0,0,0,0,0,0,0,0,0,0,0,0,0,0,0,1,0,1,0,1,0,1,0,0,0,0,0,0,0,0,0,0,0,0,0,0,0,4,1,1,1,1,1,4,1,0.000902799,4,1,-2.23,1.6,3.1291,4,1,0.5,1,0
146,1,0,0,0,0,0,0,0,0,0,0,0,0,2,1,2,0,0,1,2,0,0,0,1,0,1,0,0,0,0,0,0,0,0,0,0,0,0,1,1,0,2,0,1,1,0,1,0,0,0,0,1,0,0,0,0,0,0,0,3.285714286,1,2,2.5,1.333333333,1,7,0,0.001203732,7,1,-1.06,2.8,3.1291,7,2.5,0.571428571,0,0
147,0,0,0,0,0,0,0,0,0,0,0,0,0,1,0,1,0,0,0,0,0,0,0,0,0,0,0,0,0,0,0,0,0,0,0,0,0,0,0,0,0,1,0,1,0,0,0,0,0,0,0,0,0,1,0,0,0,0,0,2.833333333,1,1,1,1,1,6,1,0.000300933,7,1.166666667,0.516666667,2.4,3.1291,6,1,0.5,1,1
148,0,0,0,0,0,0,0,0,0,0,0,0,2,0,0,0,0,0,0,0,2,0,0,0,0,1,0,0,0,0,0,0,0,0,0,0,0,0,0,0,0,2,0,0,0,0,1,0,0,1,0,1,0,0,0,0,0,0,0,3.666666667,1,3,1.333333333,0.75,1,9,2,0.000601866,9,1,-0.28,3.6,3.1291,9,1.333333333,0.428571429,0,1
149,0,0,0,0,2,1,1,0,0,0,0,0,4,3,0,1,0,0,1,2,1,1,1,1,1,0,2,0,1,1,0,0,0,3,0,1,0,2,1,0,1,8,0,2,1,0,1,0,1,0,0,1,2,0,0,0,1,1,1,4.394736842,0.714285714,12,1.583333333,0.44,9,38,7,0.003611195,48,1.263157895,0.961929825,2.741520468,5.033348758,4.222222222,1.583333333,0.285714286,0,1
150,0,0,0,0,0,0,0,0,0,0,0,0,2,0,0,0,0,1,0,0,2,0,0,0,0,1,0,0,0,0,0,0,0,0,0,0,0,0,0,0,0,3,0,0,0,0,1,0,0,0,0,0,0,0,0,0,0,0,0,4.333333333,1,2,1.5,1,1,6,1,0.000601866,6,1,-1.45,2.4,3.1291,6,1.5,0.5,0,1
151,0,0,0,0,0,0,0,0,0,0,0,0,2,0,0,0,0,0,0,0,3,0,0,0,0,1,0,0,0,0,0,0,0,0,0,0,0,0,0,0,0,1,0,0,0,0,1,0,0,0,0,1,2,0,0,0,0,0,0,5.142857143,1,2,1.5,0.75,1,7,3,0.000601866,8,1.142857143,0.625714286,2.8,3.1291,7,1.5,0.428571429,0,1
152,5,8,1,2,17,7,0,3,2,0,0,0,12,15,5,8,1,2,0,12,7,6,4,9,6,4,13,4,1,8,2,0,3,3,0,0,1,6,9,4,4,22,0,3,1,1,5,0,0,6,0,9,11,1,2,0,1,3,3,4.221428571,0.664233577,29,1.517241379,0.833333333,18,140,20,0.02497743,175,1.25,2.193333333,5.111111111,6.691623216,7.777777778,1.517241379,0.430656934,2,1
153,0,0,0,0,0,0,0,1,0,0,0,0,0,1,0,1,0,0,0,1,0,0,0,0,0,0,0,0,0,0,0,0,0,0,0,0,0,0,0,0,0,2,0,0,1,0,0,0,0,0,0,1,0,0,0,0,0,0,0,5,1,1,2,0.333333333,1,4,1,0.000601866,6,1.5,3.67,1.6,3.1291,4,2,0.25,0,1
154,0,0,0,0,0,0,0,0,0,0,0,0,0,1,0,1,0,0,0,0,0,0,0,0,0,0,0,0,0,0,0,0,0,0,0,0,0,0,0,0,0,2,0,0,1,0,0,0,0,0,0,0,0,0,0,0,0,0,1,6.4,1,2,2,0.25,1,5,3,0.000300933,8,1.6,5.24,2,3.1291,5,2,0.2,0,1
155,0,0,0,0,0,0,0,0,0,0,0,0,0,1,0,1,0,0,0,0,0,0,0,0,0,0,0,0,0,0,0,0,0,0,0,0,0,0,0,0,0,1,0,0,1,0,0,0,0,0,0,0,0,0,0,0,0,0,1,5.75,1,2,1.5,0.333333333,1,4,2,0.000300933,6,1.5,3.67,1.6,3.1291,4,1.5,0.25,0,1
156,0,0,0,0,0,0,0,0,0,0,0,0,0,1,0,1,0,0,0,0,0,0,0,0,0,0,0,0,0,0,0,0,0,0,0,0,0,0,0,0,0,3,0,0,1,0,0,0,0,0,0,0,1,0,0,0,0,0,1,4,1,4,1.5,0.166666667,1,9,2,0.000300933,11,1.222222222,2.342222222,3.6,3.1291,9,1.5,0.142857143,1,1
157,1,1,0,0,0,0,0,0,0,0,0,0,1,1,1,1,0,0,1,0,1,0,0,0,0,1,0,0,0,0,0,0,0,0,0,0,0,0,0,0,0,4,0,0,1,0,1,0,0,0,0,0,2,0,1,0,0,0,2,10.71428571,0.909090909,8,1.75,0.375,3,21,8,0.001203732,51,2.428571429,15.79714286,21.84761905,13.5591,7,1.75,0.272727273,0,1
158,0,0,0,0,0,0,0,0,0,0,0,0,2,0,0,0,0,1,0,0,2,0,0,0,0,1,0,0,0,0,0,0,0,0,0,0,0,0,0,0,0,3,0,0,0,0,1,0,0,0,0,0,0,0,0,0,0,0,0,4.333333333,1,2,1.5,1,1,6,1,0.000601866,6,1,-1.45,2.4,3.1291,6,1.5,0.5,0,1
159,1,1,0,0,0,0,0,0,0,0,0,0,0,0,1,0,0,0,0,0,0,0,0,1,0,1,0,0,0,0,1,0,0,0,0,0,0,0,1,0,1,3,0,0,0,0,1,0,0,0,0,0,1,0,0,0,0,0,0,2.153846154,1,4,2.25,0.5,2,13,1,0.000902799,14,1.076923077,-0.347307692,2.6,3.1291,6.5,2.25,0.333333333,1,1
160,0,0,0,0,0,0,0,0,0,0,0,0,2,0,0,0,0,0,0,0,2,0,0,0,0,1,0,0,0,0,0,0,0,0,0,0,0,0,0,0,0,2,0,0,0,0,1,0,0,0,0,1,0,0,0,0,0,0,0,4.833333333,1,2,1.5,1,1,6,2,0.000601866,6,1,-1.45,2.4,3.1291,6,1.5,0.5,0,1
161,1,0,2,0,4,0,1,2,0,0,0,1,3,1,1,0,0,1,0,8,2,0,0,3,1,1,1,0,0,1,0,0,0,0,0,0,1,0,3,3,1,5,0,1,0,0,1,0,0,2,0,2,1,0,1,0,2,0,2,3.727272727,0.954545455,3,1.666666667,0.692307692,1,22,1,0.004513993,23,1.045454545,5.326363636,8.8,3.1291,22,1.666666667,0.409090909,0,1
162,1,1,0,0,2,2,0,0,0,0,0,0,2,1,1,0,0,0,1,1,1,1,0,1,1,0,2,0,0,1,1,0,0,0,0,0,0,1,1,0,1,5,0,2,0,0,1,0,0,1,0,1,1,0,0,0,0,0,0,6.086956522,0.9375,6,1.5,0.875,5,23,6,0.002407463,37,1.608695652,5.186608696,5.31826087,6.742157985,4.6,1.5,0.5,0,1
163,1,0,0,1,1,0,0,0,0,0,0,0,1,3,1,2,0,0,0,2,0,0,0,0,0,0,1,0,0,0,0,0,1,0,0,0,0,1,0,1,0,1,0,1,1,0,1,0,0,0,0,1,1,0,0,0,0,0,0,4.272727273,1,2,2,1,1,11,2,0.00210653,13,1.181818182,2.645454545,4.4,3.1291,11,2,0.545454545,0,1
164,0,0,1,0,4,1,1,0,0,0,0,0,1,4,0,3,0,0,0,1,1,1,0,1,0,0,1,0,0,0,0,0,1,0,0,0,1,1,1,0,0,2,0,2,0,0,2,0,0,0,0,2,3,0,1,0,0,1,1,4.772727273,0.818181818,5,1.4,0.833333333,5,22,5,0.003009329,28,1.272727273,1.144181818,3.578181818,5.683917802,4.4,1.4,0.454545455,2,1
165,0,0,0,0,0,0,0,0,0,0,0,0,0,1,0,1,0,0,0,0,0,0,0,0,0,0,0,0,0,0,0,0,0,0,0,0,0,0,0,0,0,4,0,0,1,0,0,0,0,0,0,0,0,0,0,0,0,0,0,11.4,1,2,2.5,0.25,2,5,3,0.000300933,8,1.6,4.265,1,3.1291,2.5,2.5,0.2,5,1
166,0,0,0,0,0,0,0,0,0,0,0,0,2,0,0,0,0,1,0,0,2,0,0,0,0,1,0,0,0,0,0,0,0,0,0,0,0,0,0,0,0,3,0,0,0,0,1,0,0,0,0,0,0,0,0,0,0,0,0,4.333333333,1,2,1.5,1,1,6,1,0.000601866,6,1,-1.45,2.4,3.1291,6,1.5,0.5,0,1
167,1,1,1,0,1,0,0,0,0,0,0,0,1,0,1,0,0,0,0,0,1,0,2,1,0,1,1,0,0,0,0,0,0,0,0,0,0,0,1,0,0,4,0,0,0,0,1,0,0,1,0,1,2,0,0,0,0,0,0,6.5,0.928571429,7,1.285714286,0.272727273,2,22,6,0.002407463,41,1.863636364,10.69090909,9.854545455,10.1257567,11,1.285714286,0.214285714,0,1
168,1,0,0,0,0,0,0,0,0,0,0,0,0,0,1,0,0,1,1,0,0,0,0,0,0,0,1,0,0,0,0,0,0,0,0,0,0,0,0,0,0,1,0,0,0,0,0,0,0,0,0,1,0,0,0,0,0,0,0,6.166666667,1,1,2,0.5,1,6,2,0.000601866,9,1.5,4.45,9.066666667,8.841846275,6,2,0.333333333,0,1
169,0,0,1,0,1,0,0,0,0,0,0,0,0,1,0,0,0,0,0,1,0,0,0,0,0,0,5,0,0,0,1,0,0,0,0,0,0,1,0,0,0,2,0,1,0,0,1,1,0,0,0,3,0,0,0,0,0,1,1,4.153846154,0.909090909,2,1.5,1,2,13,2,0.001805597,16,1.230769231,1.468076923,2.6,3.1291,6.5,1.5,0.545454545,1,1
170,7,4,3,0,9,0,2,0,0,2,0,2,12,8,5,4,0,1,0,7,7,2,3,5,1,6,5,0,3,3,7,2,0,1,0,0,1,2,5,1,0,18,0,4,1,0,3,0,0,6,0,2,7,1,3,0,1,0,3,4.395604396,0.776470588,19,1.894736842,0.854166667,7,91,18,0.016250376,123,1.351648352,5.429450549,7.397802198,7.95725182,13,1.894736842,0.435294118,5,1
171,0,1,1,0,1,0,0,0,0,0,0,1,2,1,0,0,0,0,0,1,1,0,0,2,0,1,0,0,0,0,0,0,1,1,0,0,1,0,2,0,1,0,0,0,1,0,1,0,1,0,0,0,1,0,0,0,0,0,1,4.6,1,1,2,1.5,1,10,3,0.00210653,13,1.3,3.65,4,3.1291,10,2,0.6,0,1
172,8,5,0,1,5,0,2,2,0,2,0,2,12,8,6,4,0,1,0,8,6,1,2,7,1,7,3,0,2,2,8,1,0,1,0,0,1,2,7,0,0,12,0,4,1,0,2,0,0,4,0,2,5,1,3,0,2,0,3,4.382022472,0.729411765,21,1.666666667,0.8125,7,89,20,0.015347577,122,1.370786517,5.543852327,7.332905297,7.95725182,12.71428571,1.666666667,0.435294118,5,1
173,0,0,0,0,0,0,0,0,0,0,0,0,3,1,0,1,0,0,0,0,0,0,1,0,0,0,0,0,0,0,0,0,0,1,0,0,0,0,0,0,0,1,0,1,0,0,0,0,0,0,0,1,2,0,0,0,0,0,0,3.571428571,0.9,4,2.25,0.666666667,5,14,2,0.001504664,19,1.357142857,1.516285714,3.977142857,5.683917802,2.8,2.25,0.4,1,1
174,5,4,0,0,2,1,0,1,1,0,1,1,6,7,5,1,0,3,1,11,6,2,1,2,2,1,5,2,3,1,2,0,1,2,0,0,0,4,2,4,2,14,0,2,3,0,3,0,0,5,0,4,7,1,1,0,1,2,2,4.380952381,0.873015873,13,2.153846154,0.8,6,63,6,0.012037316,80,1.26984127,3.489126984,6.104761905,7.16862163,10.5,2.153846154,0.444444444,1,1
175,4,5,0,0,3,1,1,0,1,0,1,1,8,6,4,0,0,2,0,9,7,2,2,1,2,1,4,2,1,1,1,0,0,1,0,0,0,4,1,2,1,11,0,2,3,0,3,0,0,7,0,5,4,0,1,0,0,1,1,4.783333333,0.862068966,14,2.071428571,0.966666667,5,60,11,0.011134517,83,1.383333333,5.413333333,7.466666667,8.238735603,12,2.071428571,0.482758621,0,1
176,3,1,0,0,0,0,0,1,0,0,0,0,2,2,3,2,0,1,1,2,1,0,1,0,0,1,4,0,1,0,0,0,0,0,0,0,0,0,0,1,0,8,0,1,1,0,2,0,0,1,0,1,3,1,0,0,1,0,1,4.409090909,1,6,2.166666667,0.642857143,4,22,4,0.003611195,27,1.227272727,1.036818182,4.018181818,5.985473137,5.5,2.166666667,0.363636364,1,1
177,0,0,0,0,0,0,0,0,0,0,0,0,1,1,0,1,0,0,0,0,0,0,0,0,0,0,0,0,0,0,0,0,0,0,0,0,0,0,0,0,0,1,0,0,1,0,0,0,0,0,0,0,0,0,0,0,0,0,0,4.25,1,1,2,1,1,4,1,0.000601866,5,1.25,0.72,1.6,3.1291,4,2,0.5,0,1
178,0,0,0,0,0,0,0,0,0,0,0,0,2,1,0,1,0,0,0,0,0,0,1,0,0,0,0,0,0,0,0,0,0,0,0,0,0,0,0,0,0,2,0,1,0,0,0,0,0,0,0,0,1,0,0,0,0,0,0,4,1,1,2,1,1,7,1,0.001203732,9,1.285714286,2.311428571,2.8,3.1291,7,2,0.571428571,1,1
179,4,5,0,3,8,1,1,0,0,0,0,0,12,8,4,1,1,0,0,10,4,3,2,8,5,4,13,2,2,3,2,0,4,2,0,5,0,6,8,1,2,9,0,2,0,0,5,0,0,6,0,4,5,2,0,0,2,1,1,3.7,0.64516129,17,2.235294118,1.108695652,9,100,6,0.020162504,112,1.12,1.959333333,4.444444444,3.1291,11.11111111,2.235294118,0.505376344,3,1
180,0,0,2,0,3,1,0,1,0,0,0,0,6,4,0,2,0,1,0,6,4,0,3,3,0,4,6,0,1,0,0,0,0,1,0,0,0,2,3,0,2,18,0,2,0,0,1,0,0,2,0,4,7,0,2,0,0,2,2,5.442622951,0.890909091,22,1.363636364,0.486486486,24,61,21,0.006921457,97,1.590163934,4.165184426,6.918306011,6.627428351,2.541666667,1.363636364,0.327272727,6,1
181,0,0,0,0,0,0,0,0,0,0,0,0,1,1,0,1,0,1,0,0,1,0,1,0,0,1,0,0,0,0,0,0,0,0,0,0,0,0,0,0,0,4,0,0,1,0,0,0,0,0,0,0,1,0,0,0,0,0,0,4.75,0.888888889,1,4,0.333333333,1,8,2,0.000902799,10,1.25,2.28,3.2,3.1291,8,4,0.333333333,2,1
182,4,6,1,1,11,1,2,2,1,2,0,0,10,14,1,1,11,2,2,20,3,5,2,6,5,9,16,0,3,4,2,0,0,2,1,0,0,2,6,12,1,12,0,4,1,0,4,0,1,5,0,8,6,0,2,0,0,1,5,3.863157895,0.715789474,18,1.833333333,1.127659574,12,95,11,0.020463437,116,1.221052632,1.905921053,4.429824561,5.985473137,7.916666667,1.833333333,0.505263158,2,1
183,0,0,0,0,0,0,0,0,0,0,0,0,0,3,0,2,0,0,0,0,1,0,1,0,0,0,0,0,0,0,0,0,0,0,0,2,0,1,0,0,0,3,0,1,0,0,0,0,0,1,0,0,1,0,0,0,0,0,0,4.875,1,2,1.5,0.666666667,1,8,3,0.001504664,11,1.375,3.755,3.2,3.1291,8,1.5,0.25,0,1
184,1,6,4,0,6,1,0,2,0,0,0,0,6,4,1,2,0,0,0,7,4,1,4,4,0,4,9,0,1,0,0,0,0,1,0,0,2,2,4,0,1,16,0,2,0,0,2,0,0,0,0,3,2,0,2,0,1,2,3,4.571428571,0.789473684,15,2,0.965517241,7,63,10,0.011134517,88,1.396825397,4.402539683,6.774603175,7.95725182,9,2,0.49122807,6,1
185,0,0,0,0,0,0,0,0,0,0,0,0,0,2,0,2,0,0,0,0,0,0,0,1,0,1,0,0,0,0,0,0,0,0,0,0,0,0,1,0,0,3,0,1,0,0,0,0,0,0,0,0,0,0,0,0,0,0,0,4.4,1,2,1.5,1.5,2,5,2,0.000902799,7,1.4,1.905,1,3.1291,2.5,1.5,0.6,5,1
186,3,4,1,1,5,1,0,0,0,1,0,0,16,6,2,0,1,0,0,11,10,2,8,6,1,6,12,0,3,1,2,1,2,1,0,2,0,5,6,6,2,12,0,2,1,0,5,0,0,5,0,2,6,0,1,0,0,1,0,4.10989011,0.753246753,20,1.65,0.923076923,12,91,13,0.018055974,123,1.351648352,3.316950549,5.670695971,7.16862163,7.583333333,1.65,0.493506494,5,1
187,2,0,0,0,0,0,0,0,0,0,0,0,1,3,2,3,0,0,1,1,0,0,1,1,1,1,2,0,0,0,0,0,0,0,0,0,0,0,1,1,0,2,0,0,1,0,1,0,1,2,0,1,1,0,0,0,1,0,0,3.466666667,0.866666667,1,3,2,2,15,1,0.003009329,16,1.066666667,-0.078333333,3,3.1291,7.5,3,0.666666667,2,1
188,0,6,3,0,5,1,1,2,0,0,0,0,6,4,0,2,0,0,0,5,6,0,4,4,0,4,8,0,1,0,0,0,0,1,0,0,2,2,4,0,1,16,0,2,0,0,2,0,0,0,0,2,1,0,2,0,1,2,4,4.806451613,0.767857143,14,1.928571429,1,7,62,12,0.009629853,87,1.403225806,4.42235023,6.123502304,7.44753027,8.857142857,1.928571429,0.5,5,1
189,0,1,2,0,3,0,0,1,0,0,0,0,2,0,0,0,0,0,0,0,0,1,1,1,0,0,1,0,0,0,0,0,1,0,0,0,1,0,1,0,0,2,0,0,0,0,1,0,0,0,0,1,1,0,0,0,0,0,0,3,1,2,1.5,1,1,8,0,0.00210653,9,1.125,0.805,3.2,3.1291,8,1.5,0.5,1,1
190,1,0,1,0,1,0,0,1,0,0,0,0,1,0,1,0,0,0,0,1,0,0,0,0,0,0,1,0,0,0,1,0,0,1,0,0,0,0,0,0,1,4,0,0,0,0,0,0,0,0,0,1,1,0,0,0,0,0,0,5.333333333,1,3,2,0.125,1,9,2,0.001203732,16,1.777777778,8.897777778,8.044444444,8.841846275,9,2,0.111111111,0,1
191,0,1,0,0,0,0,0,1,0,0,0,0,0,0,0,0,0,0,0,2,1,0,0,0,0,0,0,0,0,0,0,0,0,0,0,0,0,0,0,1,0,6,0,0,0,0,1,0,0,0,0,0,1,1,0,0,0,0,0,2.88,1,7,1.428571429,0.111111111,6,25,1,0.001203732,30,1.2,0.195,1.666666667,3.1291,4.166666667,1.428571429,0.1,5,1
192,3,4,1,1,5,1,0,0,0,1,0,0,16,6,2,0,1,0,0,11,10,2,8,6,1,6,12,0,3,1,2,1,2,1,0,2,0,5,6,6,2,12,0,2,1,0,5,0,0,5,0,2,6,0,1,0,0,1,0,4.10989011,0.753246753,20,1.65,0.923076923,12,91,13,0.018055974,123,1.351648352,3.316950549,5.670695971,7.16862163,7.583333333,1.65,0.493506494,5,1
193,0,0,2,0,3,0,0,2,0,0,0,0,8,1,0,1,0,0,0,2,2,0,2,1,0,1,4,0,2,1,0,0,2,3,0,0,0,0,1,0,1,5,0,1,0,0,1,0,0,0,0,1,1,2,2,0,1,0,1,4.242424242,0.806451613,4,2,0.75,2,33,6,0.006018658,42,1.272727273,5.863181818,7.812121212,7.16862163,16.5,2,0.483870968,0,1
194,3,5,2,1,7,1,1,0,0,1,1,0,16,7,2,1,0,0,0,13,10,2,6,5,1,4,14,0,4,1,2,0,2,1,0,2,0,5,5,6,1,16,0,2,1,0,5,0,0,4,0,1,8,1,0,0,1,1,0,4.06185567,0.734939759,22,1.636363636,0.906976744,13,97,12,0.019259705,131,1.350515464,3.256082474,5.458842189,7.010146845,7.461538462,1.636363636,0.481927711,6,1
195,4,6,3,0,5,1,1,1,0,2,0,0,6,4,2,2,0,0,0,5,4,0,3,4,0,5,7,0,1,0,1,1,0,1,0,0,1,2,4,0,1,12,0,2,0,0,2,0,0,0,0,4,4,1,2,0,1,2,5,4.721311475,0.8,14,1.928571429,0.896551724,7,61,13,0.009930785,87,1.426229508,4.638079625,6.76440281,7.95725182,8.714285714,1.928571429,0.472727273,5,1
196,3,6,3,0,4,1,0,2,0,2,0,0,6,4,1,2,0,0,0,6,5,0,5,5,0,4,8,1,1,0,0,0,0,1,0,0,2,2,5,0,3,14,0,2,0,0,2,0,0,0,0,3,3,1,2,0,2,2,5,4.677419355,0.785714286,14,1.857142857,1,7,62,12,0.010532651,87,1.403225806,4.42235023,6.123502304,7.44753027,8.857142857,1.857142857,0.5,5,1
197,1,6,2,0,3,1,0,1,0,0,0,0,6,4,1,2,0,0,0,5,4,0,5,4,0,4,7,0,1,0,0,0,0,1,0,0,1,2,4,0,2,11,0,2,0,0,2,0,0,0,0,4,4,1,2,0,1,2,5,4.716666667,0.777777778,14,1.857142857,0.928571429,7,60,12,0.009027987,83,1.383333333,4.076190476,5.428571429,6.868970319,8.571428571,1.857142857,0.481481481,5,1
198,0,0,0,0,0,0,0,0,0,0,0,0,1,1,0,1,0,0,0,0,1,0,0,0,0,1,0,0,0,0,0,0,0,0,0,0,0,0,0,0,0,2,0,0,1,0,0,0,0,0,0,0,0,0,0,0,0,0,0,4.25,1,1,3,1,1,4,1,0.000601866,5,1.25,0.72,1.6,3.1291,4,3,0.5,0,1
199,0,0,0,0,0,0,0,0,0,0,0,0,0,1,0,1,0,0,0,0,0,0,0,0,0,0,0,0,0,0,0,0,0,0,0,0,0,0,0,0,0,1,0,0,1,0,0,0,0,0,0,0,0,0,0,0,0,0,0,5.5,1,0,0,1,1,2,1,0.000300933,3,1.5,2.89,0.8,3.1291,2,0,0.5,0,1
200,3,5,2,1,7,1,1,0,0,1,1,0,16,7,2,1,0,0,0,13,10,2,6,5,1,4,14,0,4,1,2,0,2,1,0,2,0,5,5,6,1,16,0,2,1,0,5,0,0,4,0,1,8,1,0,0,1,1,0,4.06185567,0.734939759,22,1.636363636,0.906976744,13,97,12,0.019259705,131,1.350515464,3.256082474,5.458842189,7.010146845,7.461538462,1.636363636,0.481927711,6,1
201,0,0,0,0,0,0,0,1,0,0,0,0,0,0,0,0,0,0,0,1,0,0,0,0,0,0,0,0,0,0,0,0,0,0,0,0,0,0,0,0,0,2,0,0,0,0,1,0,0,0,0,0,1,0,0,0,0,0,0,6.4,1,1,2,0.333333333,1,5,2,0.000300933,8,1.6,5.24,2,3.1291,5,2,0.25,0,1
202,0,0,0,0,0,0,0,1,0,0,0,0,0,0,0,0,0,0,0,1,0,0,0,0,0,0,0,0,0,0,0,0,0,0,0,0,0,0,0,0,0,2,0,0,0,0,1,0,0,0,0,0,1,0,0,0,0,0,0,6.4,1,1,2,0.333333333,1,5,2,0.000300933,8,1.6,5.24,2,3.1291,5,2,0.25,0,1
203,6,7,0,0,13,3,2,0,2,1,1,0,13,15,5,10,0,0,2,9,6,3,1,8,5,7,12,2,0,7,6,0,1,6,0,0,1,4,8,1,2,22,0,4,2,1,2,1,1,2,0,6,4,0,1,0,2,2,2,3.626168224,0.714285714,18,1.777777778,1.25,9,107,8,0.021366235,126,1.177570093,2.941993769,6.624714434,7.38712967,11.88888889,1.777777778,0.551020408,7,1
204,1,0,0,0,0,0,0,0,0,0,0,0,1,0,1,0,0,0,0,1,1,0,0,0,0,1,0,0,0,0,1,0,0,0,0,0,0,0,0,0,0,2,0,0,0,0,0,0,0,0,0,1,1,0,0,0,0,0,0,4.4,1,1,3,0.25,1,5,0,0.000902799,6,1.2,0.52,2,3.1291,5,3,0.2,0,1
205,3,5,2,1,7,1,1,0,0,1,1,0,16,7,2,1,0,0,0,13,10,2,6,5,1,4,14,0,4,1,2,0,2,1,0,2,0,5,5,6,1,16,0,2,1,0,5,0,0,4,0,1,8,1,0,0,1,1,0,4.06185567,0.734939759,22,1.636363636,0.906976744,13,97,12,0.019259705,131,1.350515464,3.256082474,5.458842189,7.010146845,7.461538462,1.636363636,0.481927711,6,1
206,0,1,0,0,0,0,0,0,0,0,0,0,1,1,0,1,0,0,0,0,0,0,0,0,0,0,0,0,0,0,0,0,0,0,0,0,0,0,0,0,0,2,0,0,1,0,1,0,0,0,0,2,0,0,0,0,0,0,0,5.333333333,0.909090909,3,3,0.375,4,12,6,0.000902799,16,1.333333333,1.313333333,1.2,3.1291,3,3,0.272727273,0,1
207,0,0,0,0,0,0,0,0,0,0,0,0,3,1,0,1,0,0,0,0,1,0,0,0,0,1,1,0,0,0,0,0,0,0,0,0,0,0,0,0,0,4,0,0,1,0,0,0,0,0,0,1,1,0,0,0,1,0,1,3.5,1,3,1.666666667,0.833333333,1,12,1,0.001504664,14,1.166666667,2.856666667,4.8,3.1291,12,1.666666667,0.454545455,0,1
208,0,0,0,0,0,0,0,0,0,0,0,0,1,1,0,1,0,0,0,0,0,0,0,0,0,0,0,0,0,0,0,0,0,0,0,0,0,0,0,0,0,1,0,0,1,0,0,0,0,0,0,1,0,0,0,0,0,0,0,4.4,1,1,3,1,1,5,2,0.000601866,7,1.4,2.88,2,3.1291,5,3,0.5,0,1
209,2,5,4,1,7,0,2,0,0,0,2,0,6,5,2,0,2,0,0,8,1,0,0,6,2,1,8,0,2,1,0,0,0,4,0,0,1,1,6,2,1,6,0,3,0,0,1,0,0,3,0,3,3,2,0,0,1,0,4,4.37704918,0.711538462,13,2,1.375,4,61,11,0.010833584,76,1.245901639,5.059139344,6.755737705,5.985473137,15.25,2,0.538461538,3,1
210,2,1,0,0,0,0,0,0,0,0,0,0,0,0,2,0,0,0,1,2,0,0,1,0,0,0,1,0,0,0,0,0,0,0,0,0,0,0,0,2,0,3,0,0,0,0,1,0,0,1,0,0,0,0,0,0,1,0,0,5,0.857142857,2,2,0.4,3,7,2,0.001203732,9,1.285714286,0.491428571,0.933333333,3.1291,2.333333333,2,0.285714286,0,1
211,0,0,0,0,0,0,0,0,0,0,0,0,0,0,0,0,0,0,0,0,0,0,0,1,0,0,0,0,0,0,0,0,0,0,0,0,0,0,1,0,0,0,0,0,0,0,0,0,0,1,0,0,0,0,0,0,0,0,0,5,1,0,0,1,1,2,1,0.000300933,4,2,8.79,20.8,8.841846275,2,0,0.5,0,0
212,0,0,0,0,0,0,0,0,0,0,0,0,0,0,0,0,0,0,0,0,0,0,0,1,0,0,0,0,0,0,0,0,0,0,0,0,0,0,1,0,0,0,0,0,0,0,0,0,0,1,0,0,0,0,0,0,0,0,0,5,1,0,0,1,1,2,1,0.000300933,4,2,8.79,20.8,8.841846275,2,0,0.5,0,0
213,1,0,0,0,1,0,0,0,0,0,0,1,0,1,1,0,0,0,0,1,0,1,0,1,0,0,0,0,0,0,0,0,0,0,0,0,0,0,1,0,0,0,0,1,0,0,0,0,0,2,0,0,0,0,0,0,0,0,0,3.25,1,0,0,2,1,4,0,0.000902799,5,1.25,0.72,1.6,3.1291,4,0,0.666666667,0,0
214,0,0,0,0,0,0,0,0,0,0,0,0,1,1,0,1,0,0,0,0,0,0,0,0,0,0,0,0,0,0,0,0,0,1,0,0,0,0,0,0,0,0,0,0,0,0,0,0,0,0,0,0,0,0,0,0,0,0,0,2.5,1,0,0,2,1,2,0,0.000601866,2,1,-3.01,0.8,3.1291,2,0,0.5,1,0
215,1,0,0,1,1,0,0,0,0,0,0,1,0,1,1,0,0,0,0,1,0,0,0,0,0,0,2,0,0,0,1,0,0,0,0,0,0,0,0,0,0,1,0,1,0,0,0,0,0,0,0,0,0,0,0,0,1,0,0,4,1,0,0,2,1,3,1,0.000902799,4,1.333333333,1.313333333,1.2,3.1291,3,0,0.666666667,0,0
216,0,0,0,0,0,0,0,0,0,0,0,0,0,0,0,0,0,0,0,0,0,0,0,0,0,0,0,0,0,0,0,0,0,0,0,0,0,0,0,0,0,2,0,0,0,0,0,0,0,0,0,0,0,0,0,0,0,0,0,3.428571429,1,1,7,0,1,7,1,0,8,1.142857143,0.625714286,2.8,3.1291,7,7,0,2,1
217,1,1,0,0,0,0,0,0,0,1,0,0,0,1,0,0,0,0,0,1,0,0,0,0,0,0,0,0,0,0,0,0,0,0,1,0,0,1,0,0,0,1,0,0,1,0,1,0,0,0,0,0,0,0,1,0,0,0,0,4.25,1,1,3,0.5,1,4,1,0.000601866,5,1.25,0.72,1.6,3.1291,4,3,0.5,0,0
218,0,0,0,0,0,0,0,0,0,0,0,0,0,0,0,0,0,0,1,0,0,0,0,0,0,0,1,0,0,0,0,0,0,0,0,0,0,0,0,0,0,2,0,0,0,0,1,0,0,0,0,0,0,0,0,0,1,0,1,4,1,1,2,1,1,4,0,0.000300933,4,1,-2.23,1.6,3.1291,4,2,0.5,0,0
219,0,0,0,0,0,0,0,0,0,0,0,0,0,0,0,0,0,0,0,0,1,0,0,0,0,0,1,0,0,0,0,0,0,0,0,0,1,0,0,0,0,0,0,0,0,0,0,0,0,0,0,0,0,0,0,0,0,0,0,5.666666667,1,1,1,2,1,3,1,0.000601866,5,1.666666667,5.246666667,14.53333333,8.841846275,3,1,0.666666667,0,0
220,0,0,0,0,0,0,0,0,0,0,0,0,1,0,0,0,0,0,0,0,0,0,0,0,0,0,0,0,0,0,0,0,0,1,0,0,0,0,0,0,0,0,0,0,0,0,0,0,0,0,0,0,0,0,0,0,0,0,0,4,1,0,0,1,1,1,0,0.000300933,1,1,-3.4,0.4,3.1291,1,0,0,0,0
221,0,0,0,0,1,1,0,0,0,0,0,0,0,1,0,1,0,0,1,0,0,0,1,0,0,0,1,0,0,0,0,0,0,0,0,0,0,0,0,0,0,2,0,0,0,0,0,0,0,0,0,0,2,0,0,0,0,0,0,3,1,1,2,0.333333333,1,4,0,0.000902799,4,1,-2.23,1.6,3.1291,4,2,0.25,1,0
222,1,0,0,1,1,0,0,0,0,0,0,0,0,0,1,0,0,0,0,0,0,0,0,0,0,0,2,0,0,0,1,0,0,0,0,0,0,0,0,0,0,1,0,0,0,0,0,0,0,0,0,0,1,0,0,0,1,0,1,5.333333333,1,1,1,0.5,1,3,2,0.000601866,5,1.666666667,5.246666667,1.2,3.1291,3,1,0.333333333,0,0
223,0,0,0,0,0,0,0,0,0,0,0,0,0,0,0,0,0,0,0,0,0,0,0,0,0,0,0,0,0,0,0,0,0,0,0,0,0,0,0,0,0,1,0,0,0,0,0,0,0,0,0,0,0,0,0,0,0,0,0,7,1,1,1,0,1,1,1,0,2,2,8.4,0.4,3.1291,1,1,0,0,0
224,0,0,0,0,1,0,1,0,0,0,0,0,0,1,0,1,0,0,0,0,0,0,0,0,0,0,0,0,1,0,0,0,0,0,0,0,0,0,0,0,0,3,0,0,0,0,1,0,0,0,0,0,0,0,0,0,0,0,0,3.75,1,1,2,2,1,4,1,0.000601866,6,1.5,3.67,11.6,8.841846275,4,2,0.75,2,0
225,0,0,0,0,0,0,0,0,0,0,0,0,0,0,0,0,0,0,0,0,0,0,0,0,0,0,0,0,0,0,0,0,0,0,0,0,0,0,0,0,0,1,0,0,0,0,0,0,0,0,0,0,0,0,0,0,0,0,0,4,0.5,0,0,0,1,2,0,0,4,2,8.79,0.8,3.1291,2,0,0,0,0
226,1,1,1,0,1,0,0,0,0,1,0,0,0,1,0,1,0,0,0,0,1,0,0,0,0,0,2,0,0,0,0,0,0,0,0,0,0,0,0,0,0,1,0,1,0,0,2,0,0,0,0,0,1,0,0,0,1,0,0,3.714285714,1,1,3,0.75,1,7,0,0.001504664,7,1,-1.06,2.8,3.1291,7,3,0.428571429,0,0
227,1,0,0,0,0,0,0,0,0,0,0,0,0,0,1,0,0,0,1,0,0,0,0,0,0,0,0,0,0,0,1,0,0,1,0,0,0,0,0,0,1,2,0,0,0,0,0,0,0,0,0,0,0,0,0,0,0,0,0,3.666666667,1,1,3,0,1,3,0,0.000300933,3,1,-2.62,1.2,3.1291,3,3,0,0,0
228,1,0,0,0,0,0,0,0,0,0,0,0,0,1,1,1,0,0,0,1,0,0,0,0,0,0,0,0,0,0,0,0,0,0,0,0,0,0,0,1,0,1,0,1,0,0,0,0,0,0,0,0,0,0,0,0,0,0,0,2.333333333,1,0,0,2,1,3,0,0.000601866,3,1,-2.62,1.2,3.1291,3,0,0.666666667,1,0
229,7,5,1,7,15,2,4,2,1,2,0,0,11,13,5,0,0,0,0,13,6,2,6,10,3,5,15,5,1,3,1,0,4,0,0,0,1,13,10,0,1,7,0,2,1,0,2,0,0,4,0,5,4,2,0,0,2,1,3,4.114583333,0.452631579,17,2.117647059,1.307692308,6,96,10,0.020463437,121,1.260416667,5.522916667,8.066666667,7.793537801,16,2.117647059,0.589473684,0,1
230,0,3,0,0,4,2,1,0,0,0,0,2,3,4,0,0,0,3,0,6,2,2,2,1,1,1,2,1,1,1,0,0,0,1,1,0,0,2,1,0,1,8,0,2,1,0,2,0,0,1,0,1,3,1,1,0,0,0,0,4.806451613,0.928571429,5,2.8,0.764705882,2,31,6,0.006620524,42,1.35483871,6.442096774,7.490322581,7.16862163,15.5,2.8,0.392857143,1,1
231,1,3,0,0,3,1,2,0,0,0,0,1,4,3,1,1,0,2,0,2,4,0,3,0,0,1,5,0,1,0,0,0,0,0,0,1,0,1,0,0,0,10,0,2,1,0,2,0,0,2,0,0,2,1,0,0,2,0,3,4.352941176,0.939393939,8,2,0.941176471,2,34,5,0.005717725,43,1.264705882,5.963529412,7.976470588,7.16862163,17,2,0.484848485,1,1
232,0,4,0,0,2,0,0,0,0,0,0,4,3,5,0,1,0,2,0,4,3,0,1,2,1,3,3,0,3,2,0,0,0,0,0,0,0,0,2,0,3,5,0,2,1,0,2,0,0,2,0,2,2,2,2,0,2,1,2,5.025641026,0.864864865,7,2.142857143,1.052631579,1,39,11,0.006921457,60,1.538461538,17.77384615,19.7025641,14.55459255,39,2.142857143,0.486486486,1,1
233,1,0,0,0,0,0,0,0,0,0,0,1,0,1,1,0,0,0,1,1,0,0,0,1,0,0,1,0,0,0,0,0,0,0,0,0,0,0,1,0,0,1,0,1,0,0,0,0,0,1,0,0,0,1,0,0,1,0,1,3,1,1,2,1.5,1,5,0,0.000902799,5,1,-1.84,2,3.1291,5,2,0.6,0,0
234,0,0,0,0,0,0,0,0,0,0,0,0,0,0,0,0,0,0,0,0,0,0,0,0,0,0,0,0,0,0,0,0,0,0,0,0,0,0,0,0,0,1,0,0,0,0,0,0,0,0,0,0,0,0,0,0,0,0,0,7,1,1,1,0,1,1,1,0,2,2,8.4,0.4,3.1291,1,1,0,0,0
235,0,0,0,0,0,0,0,0,0,0,0,0,0,0,0,0,0,0,0,0,0,0,0,0,0,0,0,0,0,0,0,0,0,0,0,0,0,0,0,0,0,0,0,0,0,0,0,0,0,0,0,0,0,0,0,0,0,0,0,0,0,0,0,0,1,0,0,0,0,0,0,0,3.1291,0,0,0,0,0
236,1,0,0,0,0,0,0,0,0,0,0,0,0,0,1,0,0,0,0,0,0,0,0,0,0,0,0,0,0,0,0,0,0,0,0,0,0,0,0,0,0,1,0,0,0,0,0,0,0,0,0,0,0,0,0,0,0,0,0,3,1,0,0,0,1,1,0,0,1,1,-3.4,0.4,3.1291,1,0,0,0,0
237,1,0,0,0,0,0,0,0,0,0,0,0,0,2,1,1,0,0,0,2,0,0,0,0,0,0,0,0,0,0,0,0,0,0,0,0,0,1,0,1,0,1,0,1,0,0,0,0,0,0,0,0,0,0,0,0,0,0,0,2.666666667,1,0,0,2,1,3,0,0.000902799,3,1,-2.62,1.2,3.1291,3,0,0.666666667,1,0
238,2,0,0,1,1,0,0,0,0,0,0,0,1,2,2,2,0,0,0,3,0,0,0,2,0,1,0,0,0,0,0,0,2,1,0,0,0,0,2,3,0,0,0,0,0,0,1,0,0,1,0,0,0,0,0,0,0,0,0,3.692307692,0.833333333,3,1.666666667,0.714285714,2,13,2,0.003009329,15,1.153846154,0.560384615,2.6,3.1291,6.5,1.666666667,0.416666667,1,0
239,0,0,0,0,0,0,0,0,0,0,0,0,0,0,0,0,0,0,0,0,0,0,0,0,0,0,0,0,0,0,0,0,0,0,0,0,0,0,0,0,0,0,0,0,0,0,0,0,0,0,0,0,0,0,0,0,0,0,0,0,0,0,0,0,1,0,0,0,0,0,0,0,3.1291,0,0,0,0,0
240,1,0,0,0,0,0,0,0,0,0,0,0,0,2,1,1,0,0,0,2,0,0,0,0,0,0,0,0,0,0,0,0,0,0,0,0,0,1,0,1,0,1,0,1,0,0,0,0,0,0,0,0,0,0,0,0,0,0,0,3.75,1,1,1,1,1,4,1,0.000902799,5,1.25,0.72,1.6,3.1291,4,1,0.5,1,0
241,1,0,0,0,0,0,0,0,0,0,0,0,0,0,1,0,0,1,0,0,0,0,0,0,0,0,0,0,0,0,0,0,0,0,0,0,0,0,0,0,0,1,0,0,0,0,0,0,0,0,0,0,0,0,0,0,0,0,0,9,1,0,0,0,1,1,1,0.000300933,3,3,20.2,40.4,8.841846275,1,0,0,0,0
242,1,0,0,0,0,0,0,0,0,0,0,0,0,0,1,0,0,1,0,0,0,0,0,0,0,0,1,0,0,0,0,0,0,0,0,0,0,0,0,0,0,0,0,0,0,0,0,0,0,1,0,0,2,0,0,0,1,0,1,5.5,1,1,1,1,1,4,2,0.000601866,7,1.75,6.62,11.6,8.841846275,4,1,0.5,0,0
243,1,0,0,0,0,0,0,0,0,0,0,1,0,1,1,0,0,0,0,1,0,0,0,0,0,0,1,0,0,0,1,0,0,0,0,0,0,0,0,0,0,0,0,1,0,0,0,0,0,0,0,0,1,0,0,0,1,0,0,3,1,0,0,2,1,3,0,0.000902799,3,1,-2.62,1.2,3.1291,3,0,0.666666667,0,0
244,0,0,0,0,0,0,0,0,0,0,0,1,0,1,0,0,0,0,0,1,0,0,0,1,0,0,1,0,0,0,0,0,0,0,0,0,0,0,1,0,1,1,0,1,0,0,0,0,0,1,0,0,1,0,0,0,1,0,0,2.6,1,1,1,1.5,1,5,0,0.001203732,5,1,-1.84,2,3.1291,5,1,0.6,0,0
245,1,0,0,1,1,0,0,0,0,0,0,1,0,1,1,0,0,0,0,1,0,0,0,0,0,0,2,0,0,0,1,0,0,0,0,0,0,0,0,0,0,1,0,1,0,0,0,0,0,0,0,0,0,0,0,0,1,0,0,3.5,1,0,0,2,2,4,1,0.000902799,5,1.25,-0.06,0.8,3.1291,2,0,0.666666667,0,0
246,1,0,0,0,0,0,0,0,0,0,0,0,0,0,1,0,0,0,0,0,0,0,0,0,0,0,0,0,0,0,0,0,0,0,0,0,0,0,0,0,0,1,0,0,0,0,0,0,0,0,0,0,0,0,0,0,0,0,0,3,1,0,0,0,1,1,0,0,1,1,-3.4,0.4,3.1291,1,0,0,0,0
247,2,1,1,0,2,0,0,0,0,0,0,0,0,0,2,0,0,0,3,1,0,0,0,1,1,0,2,0,0,1,0,0,0,0,0,0,1,0,1,1,0,3,0,1,0,1,2,0,0,0,0,3,0,0,1,0,1,0,2,4.058823529,0.933333333,4,2,0.666666667,3,17,3,0.00210653,21,1.235294118,1.196470588,2.266666667,3.1291,5.666666667,2,0.4,3,0
248,1,0,0,0,0,0,0,0,0,0,0,0,1,0,1,0,0,0,0,1,1,0,0,0,0,1,0,0,0,0,1,0,0,0,0,0,0,0,0,0,0,2,0,0,0,0,0,0,0,0,0,1,1,0,0,0,0,0,0,4.4,1,1,2,0.25,1,5,0,0.000902799,6,1.2,0.52,2,3.1291,5,2,0.2,5,1
249,0,0,0,0,0,0,0,0,0,0,0,0,1,1,0,1,0,0,0,0,1,0,0,0,0,1,0,0,0,0,0,0,0,0,0,0,0,0,0,0,0,1,0,0,1,0,0,0,0,0,0,1,0,0,0,0,1,0,0,4.4,1,1,2,0.666666667,1,5,0,0.000601866,6,1.2,0.52,2,3.1291,5,2,0.4,0,1
250,3,11,0,1,9,2,0,2,0,1,0,0,12,12,2,8,0,1,0,10,6,4,5,4,5,3,8,2,0,3,2,0,4,0,0,1,2,4,4,0,1,18,0,3,2,1,5,0,0,3,0,6,6,0,2,0,2,3,3,3.67961165,0.686868687,23,2.043478261,1.30952381,7,103,10,0.02076437,133,1.291262136,5.385464632,8.215811373,8.418075326,14.71428571,2.043478261,0.575757576,8,1
251,0,3,0,0,1,0,1,0,0,0,0,0,2,0,0,0,0,0,2,0,2,0,0,0,0,1,0,0,0,0,0,0,0,0,0,0,0,0,0,0,0,12,0,0,0,0,2,0,0,0,0,1,3,1,1,0,0,0,0,4.84375,0.741935484,12,2.083333333,0.192307692,5,32,7,0.001504664,43,1.34375,2.76225,5.06,6.742157985,6.4,2.083333333,0.161290323,16,1
252,1,1,0,0,0,0,0,0,0,0,0,0,1,1,1,0,1,0,0,2,1,0,1,0,0,1,0,0,0,0,0,0,0,0,0,0,0,0,0,1,0,3,0,0,1,0,1,0,0,0,0,1,1,1,0,0,0,0,1,4.545454545,1,4,1.75,0.5,1,11,2,0.001805597,15,1.363636364,4.790909091,8.036363636,8.841846275,11,1.75,0.333333333,0,1
253,1,0,0,0,0,0,0,0,0,0,0,0,1,1,1,0,1,0,1,3,1,0,0,1,0,2,1,0,0,0,0,0,0,0,0,0,0,0,1,3,0,1,0,0,1,0,0,0,0,0,0,1,0,0,0,0,0,0,0,3.714285714,1,1,2,0.75,2,7,0,0.001504664,7,1,-2.425,1.4,3.1291,3.5,2,0.428571429,0,1
254,0,0,0,0,0,0,0,0,0,0,0,0,1,0,0,0,0,0,0,0,0,0,0,0,0,0,0,0,0,0,0,0,0,1,0,0,0,0,0,0,0,0,0,0,0,0,0,0,0,0,0,0,0,0,0,0,0,0,0,11,1,1,1,0.5,1,3,2,0.000300933,5,1.666666667,5.246666667,1.2,3.1291,3,1,0,0,1
255,0,0,0,0,0,0,0,1,0,0,0,0,1,0,0,0,0,0,0,0,0,0,0,0,0,0,0,0,0,0,0,0,0,1,0,0,0,0,0,0,0,3,0,0,0,0,0,0,0,0,0,0,1,0,0,0,0,0,0,6.75,1,1,3,0.2,2,8,4,0.000601866,11,1.375,2.195,6.6,7.16862163,4,3,0,4,1
256,1,0,0,0,1,0,0,0,0,0,0,0,5,3,1,0,2,0,1,4,3,1,0,0,0,2,0,0,0,0,0,0,1,0,0,0,0,1,0,2,0,3,0,0,2,0,1,0,0,0,0,0,1,0,1,0,1,0,1,5.222222222,0.833333333,4,2.5,0.7,1,18,5,0.003310262,25,1.388888889,7.818888889,13.86666667,13.0238668,18,2.5,0.444444444,0,1
257,1,0,0,0,1,0,1,0,0,0,0,0,1,2,1,0,1,0,1,4,1,0,0,1,0,2,2,0,0,0,0,0,0,0,0,0,1,1,1,2,0,0,0,1,1,1,0,0,0,0,0,1,1,0,0,0,0,0,1,4,1,2,1.5,0.833333333,3,11,1,0.002708396,13,1.181818182,-0.214545455,1.466666667,3.1291,3.666666667,1.5,0.454545455,11,1
258,6,4,1,0,10,3,3,0,0,0,0,0,11,10,6,9,0,2,1,3,3,2,3,6,4,2,13,1,2,4,2,0,0,0,0,0,2,1,6,1,2,20,0,1,1,1,3,0,0,5,0,5,5,0,3,0,3,1,4,4.010526316,0.775280899,24,1.75,1,9,95,15,0.015949443,124,1.305263158,3.92877193,5.906432749,6.937597517,10.55555556,1.75,0.483146067,7,1
259,0,0,0,0,0,0,0,1,0,0,0,0,0,1,0,0,1,0,0,2,0,0,0,0,0,0,0,0,0,0,0,0,0,0,0,0,0,0,0,1,0,2,0,0,1,0,0,0,0,0,0,1,0,0,0,0,0,0,0,7.6,1,1,2,0.333333333,1,5,1,0.000601866,9,1.8,7.6,10,8.841846275,5,2,0.25,0,1
260,2,0,0,0,0,0,0,0,0,0,0,0,1,2,2,1,1,1,0,3,1,0,0,0,0,2,1,0,1,0,0,0,0,0,0,0,0,0,0,2,1,1,0,2,1,0,0,0,0,1,0,2,1,0,0,0,0,0,1,4.25,1,3,2,0.5,1,12,0,0.00210653,13,1.083333333,1.873333333,4.8,3.1291,12,2,0.333333333,12,1
261,1,0,0,1,1,0,0,0,0,0,0,1,0,1,1,0,0,0,0,1,0,0,0,0,0,0,2,0,0,0,1,0,0,0,0,0,0,0,0,0,0,1,0,1,0,0,0,0,0,0,0,0,0,0,0,0,1,0,0,4,1,0,0,2,1,3,1,0.000902799,4,1.333333333,1.313333333,1.2,3.1291,3,0,0.666666667,0,0
262,0,0,0,0,0,0,0,0,0,0,0,0,0,0,0,0,0,0,0,0,0,0,0,0,0,0,0,0,0,0,0,0,0,0,0,0,0,0,0,0,0,1,0,0,0,0,0,0,0,0,0,0,0,0,0,0,0,0,0,40,1,1,1,0,1,1,1,0,6,6,55.6,40.4,8.841846275,1,1,0,0,1
263,2,0,0,0,0,0,0,0,0,0,0,0,0,0,2,0,0,2,1,1,0,0,0,0,0,0,1,0,0,0,0,0,0,0,0,0,0,0,0,0,0,2,0,1,0,0,0,0,0,0,0,0,1,0,0,0,1,0,0,5.5,0.833333333,2,2,0.2,1,6,2,0.001203732,10,1.666666667,6.416666667,15.73333333,11.20814326,6,2,0.166666667,0,0
264,0,0,0,0,0,0,0,0,0,0,0,0,0,0,0,0,0,0,0,0,0,0,0,0,0,0,0,0,0,0,0,0,0,0,0,0,0,0,0,0,0,1,0,0,0,0,0,0,0,0,0,0,0,0,0,0,0,0,0,7,1,1,1,0,1,1,1,0,2,2,8.4,0.4,3.1291,1,1,0,0,0
265,1,0,0,0,0,0,0,0,0,0,0,0,0,0,1,0,0,0,0,1,0,0,0,0,0,0,0,0,0,0,0,0,0,0,0,1,0,0,0,1,0,2,0,0,0,0,1,0,0,0,0,0,0,0,0,0,0,0,0,3.666666667,1,1,2,0.5,1,3,0,0.000601866,3,1,-2.62,1.2,3.1291,3,2,0.333333333,3,0
266,0,0,0,0,0,0,0,0,0,0,0,0,0,0,0,0,0,0,0,0,0,0,0,0,0,0,0,0,0,0,0,0,0,0,0,0,0,0,0,0,0,2,0,0,0,0,0,0,0,0,0,0,0,0,0,0,0,0,0,8.666666667,0.666666667,1,3,0,1,3,1,0,3,1,-2.62,1.2,3.1291,3,3,0,1,0
267,1,0,0,0,0,0,0,0,0,0,0,0,0,0,1,0,0,0,0,0,0,0,0,0,0,0,0,0,0,0,0,0,0,0,0,0,0,0,0,0,0,1,0,0,0,0,0,0,0,0,0,0,0,0,0,0,0,0,0,7,1,0,0,0,1,1,1,0.000300933,2,2,8.4,0.4,3.1291,1,0,0,0,0
268,1,0,0,0,0,0,0,0,0,0,0,0,0,0,1,0,0,0,0,0,0,0,0,0,0,0,0,0,0,0,0,0,0,0,0,0,0,0,0,0,0,1,0,0,0,0,0,0,0,0,0,0,0,0,0,0,0,0,0,4,1,0,0,0,1,1,0,0.000300933,1,1,-3.4,0.4,3.1291,1,0,0,0,0
269,0,0,0,1,1,0,0,0,1,0,0,0,0,0,0,0,0,0,1,0,0,0,2,0,0,0,1,1,0,0,1,0,0,0,0,0,0,0,0,0,0,0,0,0,0,0,1,0,0,1,0,2,1,0,0,0,0,1,1,3.833333333,1,1,2,0.75,1,6,0,0.001203732,7,1.166666667,0.516666667,2.4,3.1291,6,2,0.333333333,0,0
270,0,0,0,1,1,0,0,0,0,0,0,0,1,1,0,1,0,0,0,0,1,0,1,0,0,0,1,0,0,0,0,0,1,0,0,0,0,0,0,0,0,2,0,0,0,0,0,0,0,1,0,0,0,0,0,0,0,0,0,3.875,1,2,2,1,1,8,0,0.001504664,9,1.125,0.805,3.2,3.1291,8,2,0.5,1,0
271,1,0,0,0,0,0,0,0,0,0,0,0,0,0,1,0,0,0,0,1,0,0,0,0,0,0,0,0,0,0,0,0,0,0,0,0,0,0,0,1,0,0,0,1,0,0,0,0,0,0,0,1,0,0,0,0,0,0,0,3,1,0,0,1,1,2,0,0.000300933,2,1,-3.01,0.8,3.1291,2,0,0.5,0,0
272,1,0,0,0,0,0,0,0,0,0,0,0,0,1,1,1,0,0,1,1,0,0,0,0,0,0,0,0,0,0,0,0,0,0,0,0,0,0,0,1,0,3,0,0,0,0,1,0,0,0,0,0,0,0,0,0,0,0,0,3.25,1,1,2,1,1,4,0,0.000601866,4,1,-2.23,1.6,3.1291,4,2,0.5,1,0
273,0,0,0,0,2,1,0,0,1,0,0,0,1,1,0,1,0,1,0,0,0,0,0,0,1,0,2,0,0,1,0,0,0,0,0,0,0,0,0,0,0,2,0,0,0,0,0,0,0,1,0,2,1,0,0,0,0,0,0,4,1,2,1.5,0.75,1,7,2,0.001504664,9,1.285714286,2.311428571,2.8,3.1291,7,1.5,0.428571429,1,0
274,1,0,0,0,0,0,0,0,0,0,0,0,0,0,1,0,0,0,0,0,0,0,0,0,0,0,0,0,0,0,1,0,0,0,0,0,0,0,0,0,0,0,0,0,0,0,0,0,0,0,0,0,1,0,0,0,0,0,0,4,1,0,0,0,1,1,0,0.000300933,1,1,-3.4,0.4,3.1291,1,0,0,0,0
275,0,0,1,0,1,0,0,1,0,0,0,0,1,0,0,0,0,3,0,1,1,0,2,0,0,1,1,0,1,0,0,0,0,1,0,0,0,0,0,0,0,16,0,0,0,0,0,0,0,0,0,0,8,1,0,0,1,0,2,3.82,0.714285714,30,2.4,0.043478261,12,100,17,0.002708396,122,1.22,2.056,4.133333333,5.461318901,8.333333333,2.4,0.06122449,17,1
276,6,3,1,1,8,2,2,2,2,1,0,0,10,9,5,3,2,0,2,15,5,1,0,3,2,5,7,1,0,3,1,0,2,0,0,0,0,4,3,8,2,14,0,3,2,0,4,0,0,1,0,3,2,0,1,0,1,1,1,5.15625,0.794117647,20,1.6,0.857142857,14,64,16,0.01354198,98,1.53125,4.261607143,6.828571429,7.44753027,4.571428571,1.6,0.485294118,63,1
277,3,3,0,1,3,0,0,0,1,1,0,0,28,14,2,0,14,0,0,29,0,1,0,0,1,0,0,14,0,1,0,0,3,1,0,0,0,0,0,16,14,6,0,1,0,0,2,0,0,0,0,0,4,0,0,0,2,0,1,3.989361702,0.311827957,28,1.142857143,0.737704918,2,94,12,0.023773698,112,1.191489362,16.79957447,20.92765957,12.16174496,47,1.142857143,0.344086022,0,1
278,4,0,0,1,5,0,0,0,0,0,0,0,21,16,4,0,16,0,0,28,0,4,0,0,0,0,0,14,0,0,1,0,5,4,0,0,0,0,0,16,1,13,0,1,1,0,0,0,0,0,0,1,5,0,0,0,0,0,1,4.02247191,0.295454545,22,1.318181818,0.606557377,13,89,8,0.021667168,114,1.280898876,2.194606742,3.637337943,5.369823441,6.846153846,1.318181818,0.306818182,0,1
279,2,0,0,0,5,1,2,0,1,0,0,0,3,5,2,2,0,0,0,2,0,2,1,3,2,2,3,0,0,2,1,0,2,2,0,4,0,3,3,1,1,9,0,2,0,0,0,0,0,1,0,3,4,0,1,0,0,1,0,4.023255814,0.828571429,7,1.857142857,0.761904762,11,43,8,0.006921457,63,1.465116279,3.222917548,5.284566596,6.574015621,3.909090909,1.857142857,0.4,2,1
280,1,0,0,0,0,0,0,0,0,0,0,0,0,0,1,0,0,0,1,0,0,0,0,0,0,0,0,0,0,0,0,0,0,0,0,0,0,0,0,0,0,2,0,0,0,0,0,0,0,0,0,0,0,0,0,0,0,0,0,3.666666667,1,1,2,0,1,3,0,0.000300933,3,1,-2.62,1.2,3.1291,3,2,0,0,0
281,2,0,0,0,0,0,0,1,0,1,0,1,0,2,1,1,0,0,0,1,0,0,0,1,0,0,2,0,0,0,0,0,0,0,0,0,0,0,1,0,1,1,0,2,0,0,0,0,0,1,0,0,1,1,0,0,1,0,0,3.375,1,0,0,1,2,8,0,0.002407463,8,1,-2.23,1.6,3.1291,4,0,0.5,0,0
282,1,0,0,0,0,0,0,0,0,0,0,0,0,0,1,0,0,0,0,0,0,0,0,0,0,0,0,0,0,0,0,0,0,0,0,0,0,0,0,0,0,1,0,0,0,0,0,0,0,0,0,0,0,0,0,0,0,0,0,3,1,0,0,0,1,1,0,0,1,1,-3.4,0.4,3.1291,1,0,0,0,0
283,1,1,0,0,0,0,0,0,0,0,0,0,0,0,1,0,0,0,0,0,0,0,0,0,0,0,1,0,0,0,1,0,0,1,0,0,0,0,0,0,1,1,0,0,0,0,1,0,0,0,0,0,0,0,0,0,1,0,1,4,1,1,1,1,1,4,1,0.000902799,5,1.25,0.72,1.6,3.1291,4,1,0.5,0,0
284,1,0,0,0,0,0,0,0,0,0,0,0,0,0,1,0,0,0,0,0,0,0,0,0,0,0,0,0,0,0,0,0,0,0,0,0,0,0,0,0,0,0,0,0,0,0,0,0,0,0,0,0,1,0,0,0,0,0,0,4,1,0,0,0,1,1,0,0.000300933,1,1,-3.4,0.4,3.1291,1,0,0,0,0
285,0,0,0,0,0,0,0,0,0,0,0,0,0,0,0,0,0,0,0,0,0,0,0,0,0,0,0,0,0,0,0,0,0,0,0,0,0,0,0,0,0,1,0,0,0,0,0,0,0,0,0,0,0,0,0,0,0,0,0,7,1,1,1,0,1,1,1,0,2,2,8.4,0.4,3.1291,1,1,0,0,0
286,0,0,0,0,0,0,0,0,0,0,0,0,0,0,0,0,0,0,0,0,0,0,0,0,0,0,0,0,0,0,0,0,0,0,0,0,0,0,0,0,0,1,0,0,0,0,0,0,0,0,0,0,0,0,0,0,0,0,0,7,1,1,1,0,1,1,1,0,2,2,8.4,0.4,3.1291,1,1,0,0,0
287,1,1,0,0,0,0,0,0,0,0,0,0,0,0,1,0,0,0,0,0,0,0,0,0,0,0,0,0,0,0,1,0,0,1,0,0,0,0,0,0,1,0,0,0,0,0,1,0,0,0,0,0,0,0,0,0,0,0,0,3.5,1,0,0,1,1,2,0,0.000601866,2,1,-3.01,0.8,3.1291,2,0,0.5,0,0
288,5,2,1,4,13,1,0,1,4,1,0,0,9,11,3,6,0,0,2,13,3,6,2,3,2,2,11,2,2,1,2,0,5,1,0,0,1,5,3,1,1,20,0,3,2,1,6,0,0,3,0,2,9,1,2,0,2,1,1,4,0.779069767,21,1.619047619,0.954545455,10,94,10,0.017153175,115,1.223404255,2.512170213,4.61106383,5.683917802,9.4,1.619047619,0.488372093,2,1
289,2,0,1,0,4,2,0,0,1,1,0,0,5,3,1,2,0,0,0,2,4,1,0,0,0,2,6,0,0,0,1,0,1,0,0,0,0,1,0,0,1,7,0,2,1,0,2,0,0,0,0,4,2,1,0,0,0,1,2,4.357142857,0.961538462,5,1.8,0.928571429,4,28,3,0.004814926,37,1.321428571,2.732857143,5.657142857,7.16862163,7,1.8,0.461538462,0,1
290,2,0,0,0,0,0,0,0,0,0,0,0,1,2,2,0,1,1,0,3,1,0,0,0,0,2,1,0,1,0,0,0,0,0,0,1,0,1,0,2,1,2,0,2,0,0,1,0,0,0,0,3,2,0,0,0,0,0,1,4.076923077,1,3,2.333333333,0.555555556,1,13,0,0.00210653,14,1.076923077,2.187692308,5.2,3.1291,13,2.333333333,0.307692308,13,1
291,0,0,1,0,1,0,0,0,0,0,0,0,1,0,0,0,0,1,0,0,0,0,2,0,0,0,2,0,0,0,0,0,0,0,0,0,0,0,0,0,0,4,0,0,0,0,0,0,0,1,0,0,0,0,0,0,0,0,0,6.230769231,1,4,1.75,0.285714286,3,13,1,0.001203732,21,1.615384615,5.161538462,4.81025641,6.4273556,4.333333333,1.75,0.222222222,4,1
292,1,1,0,0,0,0,0,0,0,0,0,0,0,0,1,0,0,0,1,1,0,0,1,0,0,0,2,0,0,0,0,0,0,1,0,0,0,0,0,1,1,3,0,0,0,0,1,0,0,1,0,0,0,0,0,0,0,0,0,8.5,1,3,2,0.4,2,8,3,0.001203732,15,1.875,8.095,6.6,7.16862163,4,2,0.285714286,2,1
293,1,0,2,0,3,0,1,0,0,0,0,0,1,1,1,0,0,0,0,1,0,0,0,2,1,1,2,0,1,0,0,0,1,0,0,0,1,1,2,0,0,1,0,2,0,0,1,0,0,1,0,0,0,1,2,0,1,0,1,5,1,2,1.5,1.285714286,1,15,3,0.003009329,23,1.533333333,8.353333333,11.33333333,11.20814326,15,1.5,0.533333333,0,1
294,1,0,0,0,0,0,0,0,0,0,0,0,1,3,1,1,0,1,0,2,0,0,0,0,0,0,1,0,0,0,0,0,0,0,0,0,0,2,0,0,0,2,0,1,0,0,0,0,0,0,0,1,0,0,0,0,0,0,0,3.625,0.857142857,1,1,1.333333333,3,8,1,0.001805597,9,1.125,-1.275,1.066666667,3.1291,2.666666667,1,0.571428571,1,1
295,0,3,1,1,3,0,1,1,0,0,0,1,3,6,0,1,2,1,1,8,3,0,1,1,1,2,4,0,3,0,0,0,1,0,1,0,1,2,1,2,0,8,0,3,1,0,3,0,0,2,0,2,1,0,0,0,3,0,2,4.256410256,0.918918919,9,1.666666667,0.590909091,4,39,7,0.007523322,45,1.153846154,1.827884615,4.925641026,5.985473137,9.75,1.666666667,0.405405405,2,1
296,3,2,0,0,3,0,0,0,1,2,0,0,5,0,1,0,0,1,0,0,4,1,0,2,3,1,1,0,0,3,0,0,0,0,0,0,0,0,2,0,2,6,0,0,0,0,3,0,0,2,0,0,4,0,1,0,1,0,1,4.4,0.892857143,9,2.111111111,0.933333333,3,30,6,0.00421306,44,1.466666667,5.616666667,10.66666667,10.50422373,10,2.111111111,0.464285714,1,1
297,1,0,0,0,0,0,0,1,0,0,0,0,2,3,1,2,0,0,0,1,2,0,0,0,0,1,1,0,1,0,2,0,0,0,0,1,0,1,0,0,0,6,0,1,1,0,0,0,0,0,0,0,1,1,0,0,0,0,2,3.357142857,1,3,3,0.5,4,14,1,0.002708396,16,1.142857143,-0.739285714,1.4,3.1291,3.5,3,0.285714286,0,1
298,0,0,1,0,2,0,1,1,0,0,0,0,2,3,0,2,0,0,0,1,1,0,0,1,0,1,3,0,1,0,1,0,0,0,0,1,0,1,1,0,0,3,0,1,0,0,0,0,0,3,0,3,0,0,0,0,0,1,1,3.625,1,3,1.666666667,0.777777778,2,16,2,0.003310262,19,1.1875,1.5425,3.2,3.1291,8,1.666666667,0.4,1,1
299,0,0,0,0,1,0,1,0,0,0,0,0,3,1,0,0,1,0,0,1,2,0,1,0,0,1,2,0,0,0,0,0,0,0,0,0,0,0,0,1,0,3,0,0,1,0,0,0,0,1,0,1,3,0,0,0,1,0,1,6.157894737,0.777777778,5,2.4,0.5,2,19,11,0.00210653,36,1.894736842,10.47289474,16.43157895,13.0238668,9.5,2.4,0.333333333,0,1
300,5,2,0,1,9,3,1,3,2,0,0,0,13,10,4,7,0,0,2,9,7,5,1,6,3,2,13,0,2,3,1,0,2,2,0,0,1,3,6,1,3,15,0,2,1,1,7,0,0,5,0,4,7,1,2,0,1,2,2,4.307692308,0.808988764,19,1.736842105,1.142857143,9,91,16,0.017755041,126,1.384615385,4.691794872,7.560927961,8.51512884,10.11111111,1.736842105,0.528089888,4,1
301,1,1,1,0,5,1,1,1,2,0,0,0,4,3,1,0,0,0,2,6,0,2,1,5,2,0,7,2,1,2,1,0,1,0,0,1,1,3,5,0,1,3,0,2,0,0,2,0,0,3,0,4,3,2,2,0,0,0,1,4.235294118,0.823529412,8,1.75,1.117647059,10,34,5,0.009027987,43,1.264705882,0.659529412,3.712941176,5.683917802,3.4,1.75,0.5,34,1
302,5,2,0,1,9,3,1,3,2,0,0,0,13,10,4,7,0,0,2,9,7,5,1,6,3,2,13,0,2,3,1,0,2,2,0,0,1,3,6,1,3,15,0,2,1,1,7,0,0,5,0,4,7,1,2,0,1,2,2,4.307692308,0.808988764,19,1.736842105,1.142857143,9,91,16,0.017755041,126,1.384615385,4.691794872,7.560927961,8.51512884,10.11111111,1.736842105,0.528089888,4,1
303,1,0,0,0,1,1,0,1,0,0,0,0,1,1,1,0,1,1,0,2,1,0,0,2,0,2,3,0,0,0,0,0,0,0,0,0,0,0,2,2,0,3,0,1,1,0,0,0,0,0,0,4,1,0,0,0,0,1,0,3.928571429,0.928571429,2,2,0.875,2,14,2,0.003009329,16,1.142857143,0.625714286,2.8,3.1291,7,2,0.428571429,0,1
304,0,0,0,0,2,0,1,1,1,0,0,0,1,0,0,0,0,0,0,1,1,0,0,0,1,0,0,0,0,1,1,0,0,0,0,0,0,0,0,0,0,5,0,0,0,0,1,0,0,0,0,0,0,0,0,0,0,0,0,9.181818182,1,3,1.333333333,0.222222222,2,11,3,0.000902799,21,1.909090909,9.082272727,9.472727273,8.841846275,5.5,1.333333333,0.1,0,1
305,5,2,0,1,9,3,1,3,2,0,0,0,13,10,4,7,0,0,2,9,7,5,1,6,3,2,13,0,2,3,1,0,2,2,0,0,1,3,6,1,3,15,0,2,1,1,7,0,0,5,0,4,7,1,2,0,1,2,2,4.307692308,0.808988764,19,1.736842105,1.142857143,9,91,16,0.017755041,126,1.384615385,4.691794872,7.560927961,8.51512884,10.11111111,1.736842105,0.528089888,4,1
306,0,1,0,0,1,0,0,0,0,0,0,0,1,0,0,0,0,0,0,0,1,0,0,0,0,1,0,0,0,1,0,0,0,0,0,0,0,0,0,0,0,2,0,0,0,0,1,0,0,0,0,1,0,0,0,0,0,0,0,5,1,1,3,0.666666667,1,5,2,0.000902799,7,1.4,2.88,2,3.1291,5,3,0.4,5,1
307,0,0,1,0,1,0,0,0,0,0,0,0,1,1,0,1,0,0,0,0,0,0,0,0,0,0,2,0,0,0,0,0,0,0,0,0,0,0,0,0,0,2,0,0,0,0,0,0,0,0,0,1,0,0,0,0,0,1,0,3,1,1,1,1.5,1,5,0,0.001203732,6,1.2,0.52,2,3.1291,5,1,0.6,0,1
308,1,0,0,0,0,0,0,0,0,0,0,0,1,1,1,0,1,0,1,1,0,0,0,0,0,0,0,0,0,0,0,0,0,0,0,0,0,0,0,1,0,2,0,0,1,0,0,0,0,0,0,2,1,0,0,0,0,0,0,5.285714286,1,3,1.666666667,0.333333333,2,7,2,0.000601866,10,1.428571429,2.632142857,1.4,3.1291,3.5,1.666666667,0.25,1,1
309,0,0,0,0,0,0,0,0,0,0,0,0,2,0,0,0,0,0,0,0,0,0,0,0,0,1,0,0,0,0,1,0,0,0,0,0,0,0,0,0,0,3,0,0,0,0,0,0,0,0,0,0,0,0,1,0,0,0,0,5.444444444,1,2,1.5,0.5,2,9,2,0.000902799,15,1.666666667,5.831666667,6.244444444,7.16862163,4.5,1.5,0.428571429,0,1
310,2,2,0,0,7,4,2,0,0,0,0,0,6,8,2,4,0,0,1,6,2,2,0,4,2,3,5,0,0,2,0,0,2,2,0,0,0,4,4,0,0,4,0,1,1,0,1,0,2,0,0,4,3,0,0,0,0,1,0,4.083333333,0.729166667,8,1.875,1,4,48,7,0.00932892,60,1.25,3.84,5.633333333,5.985473137,12,1.875,0.479166667,1,1
311,0,0,0,0,0,0,0,0,0,0,0,0,0,0,0,0,0,0,0,0,0,0,0,0,0,0,0,0,0,0,0,0,0,0,0,0,0,0,0,0,0,0,0,0,0,0,0,0,0,0,0,0,0,0,0,0,0,0,0,6,0,1,1,0,1,2,0,0,4,2,8.79,20.8,8.841846275,2,1,0,0,1
312,2,2,0,0,0,0,0,0,0,0,0,0,5,3,2,3,0,1,1,2,3,0,0,0,1,1,1,0,0,0,0,0,0,0,0,0,0,0,0,0,2,7,0,1,0,0,3,0,0,3,0,1,2,0,0,0,0,0,1,4.071428571,0.814814815,6,2.666666667,0.8,3,28,1,0.004513993,35,1.25,2.8,3.733333333,3.1291,9.333333333,2.666666667,0.444444444,0,1
313,4,3,1,2,12,2,2,3,2,0,0,0,15,10,3,6,0,3,1,11,5,7,1,6,4,2,13,0,1,3,1,0,2,3,0,0,1,4,6,1,3,16,0,4,1,1,7,0,0,4,0,4,0,2,3,0,2,1,2,4.224719101,0.772727273,16,1.75,1.225,8,89,14,0.018356906,120,1.348314607,4.65886236,7.596067416,8.472884824,11.125,1.75,0.545454545,3,1
314,4,3,1,2,12,2,2,3,2,0,0,0,15,10,3,6,0,3,1,11,5,7,1,6,4,2,13,0,1,3,1,0,2,3,0,0,1,4,6,1,3,16,0,4,1,1,7,0,0,4,0,4,0,2,3,0,2,1,2,4.224719101,0.772727273,16,1.75,1.225,8,89,14,0.018356906,120,1.348314607,4.65886236,7.596067416,8.472884824,11.125,1.75,0.545454545,3,1
315,3,6,0,2,11,4,0,1,1,0,0,0,8,11,3,7,0,1,0,11,3,4,4,2,7,0,8,2,2,4,3,0,4,0,0,1,3,4,2,0,0,15,0,3,2,1,5,0,0,3,0,4,7,2,0,0,1,3,2,3.790697674,0.714285714,17,2.117647059,1.297297297,6,86,11,0.018657839,113,1.313953488,5.504651163,8.989147287,9.299571214,14.33333333,2.117647059,0.55952381,3,1
316,0,0,0,0,0,0,0,0,0,0,0,0,1,1,0,1,0,0,0,0,0,0,0,0,0,0,0,0,0,0,0,0,0,0,0,0,0,0,0,0,0,3,0,0,1,0,0,0,0,0,0,0,0,0,0,0,0,0,0,4.8,1,1,2,0.666666667,1,5,1,0.000601866,6,1.2,0.52,2,3.1291,5,2,0.4,0,1
317,1,0,0,0,0,0,0,0,0,0,0,0,1,1,1,1,0,0,0,0,0,0,0,0,0,0,1,0,0,0,0,0,0,0,0,0,0,0,0,0,0,1,0,0,1,0,0,0,0,0,0,1,1,0,0,0,0,0,0,4.833333333,1,2,1.5,0.5,2,6,1,0.000902799,7,1.166666667,-0.653333333,1.2,3.1291,3,1.5,0.333333333,0,1
318,2,1,0,0,0,0,0,0,0,2,2,0,3,3,0,0,0,1,0,5,2,0,1,2,1,1,2,0,0,0,1,0,0,0,1,0,0,1,2,1,2,10,0,2,0,0,2,0,1,1,0,3,2,1,0,0,0,1,0,4.029411765,0.966666667,9,1.666666667,0.631578947,3,34,5,0.004513993,39,1.147058824,2.365294118,4.533333333,3.1291,11.33333333,1.666666667,0.366666667,1,1
319,1,0,0,0,0,0,0,0,0,0,0,0,2,1,1,0,0,1,0,4,1,0,0,2,0,3,0,0,0,0,0,0,0,0,0,0,0,1,2,0,0,2,0,1,0,0,0,0,0,0,0,1,1,1,0,0,0,0,1,4.647058824,0.941176471,6,1.5,0.416666667,1,17,1,0.002407463,22,1.294117647,6.310588235,11.50588235,11.20814326,17,1.5,0.294117647,0,1
320,0,0,0,0,0,0,0,0,0,0,0,0,0,3,0,2,0,0,0,1,1,0,1,0,0,0,0,1,0,0,0,0,0,0,0,0,0,1,0,0,0,0,0,2,0,0,0,0,0,1,0,1,0,0,0,0,0,1,0,4.571428571,0.857142857,0,0,1.666666667,2,7,2,0.001504664,9,1.285714286,0.946428571,1.4,3.1291,3.5,0,0.571428571,1,1
321,0,0,0,0,0,0,0,0,0,0,0,0,0,3,0,2,0,0,0,1,1,0,1,0,0,0,0,1,0,0,0,0,0,0,0,0,0,1,0,0,0,0,0,2,0,0,0,0,0,1,0,1,0,0,0,0,0,1,0,4.571428571,0.857142857,0,0,1.666666667,2,7,2,0.001504664,9,1.285714286,0.946428571,1.4,3.1291,3.5,0,0.571428571,1,1
322,0,0,0,0,0,0,0,0,0,0,0,0,1,2,0,2,0,0,0,0,1,0,0,0,0,1,0,0,0,0,0,0,0,0,0,0,0,0,0,0,0,3,0,0,1,0,0,0,0,0,0,0,0,0,0,0,0,0,0,4.625,1,1,2,1,2,8,2,0.000902799,10,1.25,0.72,1.6,3.1291,4,2,0.5,1,1
323,1,0,0,0,1,0,0,0,0,0,0,0,1,3,1,3,0,1,0,1,0,0,0,0,1,0,1,0,0,1,0,0,0,0,0,0,0,0,0,0,0,3,0,0,1,0,0,0,0,2,0,1,1,0,0,0,0,0,0,3.818181818,0.9,1,2,0.833333333,1,11,1,0.002407463,15,1.363636364,4.790909091,8.036363636,8.841846275,11,2,0.4,2,1
324,2,0,1,1,2,0,0,1,0,1,0,0,2,0,1,0,0,0,0,2,1,0,3,2,0,2,3,0,0,0,0,0,0,0,0,0,0,0,2,3,0,6,0,0,0,0,1,0,0,1,0,1,2,0,0,0,2,0,2,4.80952381,0.95,6,1.833333333,0.5,4,21,6,0.00421306,26,1.238095238,1.06702381,4.004761905,5.985473137,5.25,1.833333333,0.3,1,1
325,1,0,0,0,0,0,0,0,0,0,0,0,1,1,1,0,1,0,1,3,1,0,0,1,0,2,1,0,0,0,0,0,0,0,0,0,0,0,1,3,0,1,0,0,1,0,0,0,0,0,0,1,0,0,0,0,0,0,0,3.714285714,1,1,2,0.75,2,7,0,0.001504664,7,1,-2.425,1.4,3.1291,3.5,2,0.428571429,0,1
326,1,0,0,0,0,0,0,0,0,0,0,0,1,0,1,0,0,0,0,0,1,0,0,0,0,1,0,0,0,0,1,0,0,0,0,0,0,0,0,0,0,3,0,0,0,0,0,0,0,1,0,0,1,0,0,0,0,0,0,4.571428571,1,1,3,0.25,2,7,1,0.000601866,9,1.285714286,0.946428571,7.114285714,7.16862163,3.5,3,0.333333333,6,1
327,3,6,0,2,11,4,0,1,1,0,0,0,8,11,3,7,0,1,0,11,3,4,4,2,7,0,8,2,2,4,3,0,4,0,0,1,3,4,2,0,0,15,0,3,2,1,5,0,0,3,0,4,7,2,0,0,1,3,2,3.790697674,0.714285714,17,2.117647059,1.297297297,6,86,11,0.018657839,113,1.313953488,5.504651163,8.989147287,9.299571214,14.33333333,2.117647059,0.55952381,3,1
328,3,11,0,1,9,2,0,2,0,1,0,0,12,12,2,8,0,1,0,10,6,4,5,4,5,3,8,2,0,3,2,0,4,0,0,1,2,4,4,0,1,18,0,3,2,1,5,0,0,3,0,6,6,0,2,0,2,3,3,3.67961165,0.686868687,23,2.043478261,1.30952381,7,103,10,0.02076437,133,1.291262136,5.385464632,8.215811373,8.418075326,14.71428571,2.043478261,0.575757576,8,1
329,3,11,0,1,9,2,0,2,0,1,0,0,12,12,2,8,0,1,0,10,6,4,5,4,5,3,8,2,0,3,2,0,4,0,0,1,2,4,4,0,1,18,0,3,2,1,5,0,0,3,0,6,6,0,2,0,2,3,3,3.67961165,0.686868687,23,2.043478261,1.30952381,7,103,10,0.02076437,133,1.291262136,5.385464632,8.215811373,8.418075326,14.71428571,2.043478261,0.575757576,8,1
330,3,11,0,1,9,2,0,2,0,1,0,0,12,12,2,8,0,1,0,10,6,4,5,4,5,3,8,2,0,3,2,0,4,0,0,1,2,4,4,0,1,18,0,3,2,1,5,0,0,3,0,6,6,0,2,0,2,3,3,3.67961165,0.686868687,23,2.043478261,1.30952381,7,103,10,0.02076437,133,1.291262136,5.385464632,8.215811373,8.418075326,14.71428571,2.043478261,0.575757576,8,1
331,1,0,0,0,0,0,0,0,0,0,0,0,1,1,1,0,1,0,1,3,1,0,0,1,0,2,1,0,0,0,0,0,0,0,0,0,0,0,1,3,0,1,0,0,1,0,0,0,0,0,0,1,0,0,0,0,0,0,0,3.714285714,1,1,2,0.75,2,7,0,0.001504664,7,1,-2.425,1.4,3.1291,3.5,2,0.428571429,0,1
332,1,0,0,0,0,0,0,0,0,0,0,0,1,1,1,0,1,0,1,3,1,0,0,1,0,2,1,0,0,0,0,0,0,0,0,0,0,0,1,3,0,1,0,0,1,0,0,0,0,0,0,1,0,0,0,0,0,0,0,3.714285714,1,1,2,0.75,2,7,0,0.001504664,7,1,-2.425,1.4,3.1291,3.5,2,0.428571429,0,1
333,1,0,0,0,0,0,0,0,0,0,0,0,1,1,1,0,1,0,1,2,1,0,0,1,0,2,1,0,0,0,0,0,0,0,0,0,0,0,1,2,0,1,0,0,1,0,0,0,0,0,0,0,0,0,0,0,0,0,0,3.714285714,1,1,2,1.5,2,7,0,0.001203732,7,1,-2.425,1.4,3.1291,3.5,2,0.6,0,1
334,3,11,0,1,9,2,0,2,0,1,0,0,12,12,2,8,0,1,0,10,6,4,5,4,5,3,8,2,0,3,2,0,4,0,0,1,2,4,4,0,1,18,0,3,2,1,5,0,0,3,0,6,6,0,2,0,2,3,3,3.67961165,0.686868687,23,2.043478261,1.30952381,7,103,10,0.02076437,133,1.291262136,5.385464632,8.215811373,8.418075326,14.71428571,2.043478261,0.575757576,8,1
335,2,7,0,0,4,1,1,0,0,0,1,0,7,7,2,3,1,0,1,8,4,2,2,4,0,3,9,0,0,0,0,0,2,0,0,3,1,2,4,4,1,12,0,3,0,1,5,0,0,2,0,4,6,0,3,0,2,3,2,3.023809524,0.717948718,17,2.117647059,1.028571429,11,84,4,0.013241047,98,1.166666667,1.154848485,4.006926407,5.565023196,7.636363636,2.117647059,0.551282051,5,1
336,1,0,0,0,0,0,0,0,0,0,0,0,1,1,1,1,0,0,0,2,1,0,0,1,0,2,0,0,0,0,0,0,0,0,0,1,0,0,1,1,0,4,0,0,1,0,0,0,0,0,0,1,0,0,0,0,0,0,1,3.75,1,3,1.333333333,0.6,1,8,1,0.001203732,9,1.125,0.805,3.2,3.1291,8,1.333333333,0.375,0,1
337,0,0,0,0,0,0,0,0,0,0,0,0,0,1,0,1,0,0,0,0,0,0,0,0,0,0,0,0,0,0,0,0,0,0,0,0,0,0,0,0,0,1,0,0,1,0,0,0,0,0,0,1,0,0,0,0,0,0,0,6,1,2,1.5,0.5,1,3,2,0.000300933,5,1.666666667,5.246666667,1.2,3.1291,3,1.5,0.333333333,3,1
338,0,0,0,0,0,0,0,0,0,0,0,0,0,0,0,0,0,0,0,0,0,0,0,0,0,0,0,0,0,0,0,0,0,0,0,0,0,0,0,0,0,0,0,0,0,0,0,0,0,0,0,0,0,0,0,0,0,0,0,5.5,0,2,1,0,1,2,0,0,4,2,8.79,20.8,8.841846275,2,1,0,0,1
339,0,0,0,0,0,0,0,0,0,0,0,0,0,0,0,0,0,0,0,0,0,0,0,0,0,0,0,0,0,0,0,0,0,0,0,0,0,0,0,0,0,0,0,0,0,0,0,0,0,0,0,0,0,0,0,0,0,0,0,5.5,0,2,1,0,1,2,0,0,4,2,8.79,20.8,8.841846275,2,1,0,0,1
340,0,0,0,0,0,0,0,0,0,0,0,0,1,1,0,1,0,1,0,0,1,0,1,0,0,1,0,0,0,0,0,0,0,0,0,0,0,0,0,0,0,2,0,0,1,0,0,0,0,0,0,0,1,0,0,0,0,0,0,3.6,1,1,3,0.666666667,1,5,0,0.000902799,5,1,-1.84,2,3.1291,5,3,0.4,0,1
341,3,11,0,2,11,2,1,2,1,1,0,0,12,12,2,8,0,1,0,9,6,4,5,4,5,3,9,1,0,3,2,0,5,0,0,2,2,4,4,0,1,18,0,3,2,1,4,0,0,4,0,5,6,0,2,0,2,3,4,3.619047619,0.693069307,25,1.96,1.195652174,7,105,10,0.021065302,135,1.285714286,5.431428571,8.285714286,8.418075326,15,1.96,0.544554455,8,1
342,8,7,4,3,11,1,0,0,1,2,0,0,12,7,5,6,0,0,4,5,4,2,4,8,4,7,14,0,1,3,0,0,2,1,0,0,0,1,8,1,0,16,0,3,1,0,5,0,1,7,0,3,6,0,3,0,3,1,2,3.948979592,0.708333333,19,1.736842105,1.285714286,6,98,9,0.018657839,131,1.336734694,6.553469388,8.982312925,8.841846275,16.33333333,1.736842105,0.5625,2,1
343,2,0,1,1,2,0,0,1,0,1,0,0,2,0,1,0,0,0,0,2,1,0,3,2,0,2,3,0,0,0,0,0,0,0,0,0,0,0,2,3,0,6,0,0,0,0,1,0,0,1,0,1,2,0,0,0,2,0,2,4.80952381,0.95,6,1.833333333,0.5,4,21,6,0.00421306,26,1.238095238,1.06702381,4.004761905,5.985473137,5.25,1.833333333,0.3,1,1
344,1,1,0,0,1,0,0,1,0,0,0,0,4,0,1,0,0,0,0,1,3,0,0,2,0,3,2,0,0,1,0,0,0,0,0,0,0,0,2,0,0,9,0,0,0,0,1,0,0,0,0,0,2,0,0,0,0,0,1,4.44,0.913043478,7,2,0.6,3,25,3,0.003009329,28,1.12,0.876,3.333333333,3.1291,8.333333333,2,0.347826087,1,1
345,7,2,2,2,14,7,2,0,0,0,0,0,7,12,6,5,0,0,5,12,3,4,4,5,4,0,11,1,3,4,1,0,0,0,0,0,0,7,5,2,2,12,0,2,1,0,3,1,0,3,0,3,8,1,0,0,2,0,1,4.235955056,0.671052632,20,1.65,0.880952381,11,89,16,0.015949443,124,1.393258427,4.005903984,7.281307457,8.296473432,8.090909091,1.65,0.447368421,2,1
346,0,1,0,0,0,0,0,0,0,0,0,0,2,1,0,0,0,0,0,2,1,0,0,0,0,1,0,0,0,0,0,0,0,0,0,0,0,1,0,0,0,2,0,1,0,0,1,0,0,0,0,1,0,0,0,0,0,0,0,3.888888889,1,2,2,0.8,1,9,1,0.001504664,11,1.222222222,2.342222222,3.6,3.1291,9,2,0.444444444,0,1
347,7,2,2,2,14,7,2,0,0,0,0,0,6,12,6,5,0,0,5,12,3,4,4,5,4,0,11,1,3,4,1,0,0,0,0,0,0,7,5,2,2,12,0,2,1,0,3,1,0,3,0,2,8,1,2,0,2,0,1,4.261363636,0.689189189,19,1.684210526,0.833333333,10,88,16,0.01564851,123,1.397727273,4.335181818,7.610909091,8.548686977,8.8,1.684210526,0.432432432,2,1
348,1,0,0,0,0,0,0,0,0,0,0,0,0,0,1,0,0,0,0,0,0,0,0,0,0,0,0,0,0,0,0,0,0,0,0,0,0,0,0,0,0,1,0,0,0,0,0,0,0,0,0,0,0,0,0,0,0,0,0,3,1,0,0,0,1,1,0,0,1,1,-3.4,0.4,3.1291,1,0,0,0,0
349,1,0,0,0,0,0,0,0,0,0,0,0,0,0,1,0,0,0,1,1,0,0,0,0,0,0,0,0,0,0,0,0,0,0,0,0,0,0,0,1,0,2,0,0,0,0,1,0,0,0,0,0,0,0,0,0,0,0,0,4,1,1,2,0.5,1,3,0,0.000300933,3,1,-2.62,1.2,3.1291,3,2,0.333333333,0,0
350,1,0,0,0,0,0,0,0,0,0,0,0,0,0,1,0,0,0,1,1,0,0,0,0,0,0,0,0,0,0,0,0,0,0,0,0,0,0,0,1,0,2,0,0,0,0,1,0,0,0,0,0,0,0,0,0,0,0,0,4,1,1,2,0.5,1,3,0,0.000300933,3,1,-2.62,1.2,3.1291,3,2,0.333333333,0,0
351,0,0,0,0,0,0,0,0,0,0,0,0,4,1,0,0,1,1,0,1,2,0,1,1,0,2,0,0,0,0,0,0,0,0,0,0,0,0,1,1,0,8,0,0,1,0,1,0,1,0,0,1,0,0,0,0,1,0,0,5.285714286,0.80952381,8,1.25,0.615384615,3,21,7,0.001805597,24,1.142857143,0.625714286,4.704761905,6.4273556,7,1.25,0.380952381,0,1
352,0,1,2,0,3,0,1,0,0,0,0,0,2,2,0,2,0,2,0,1,1,0,1,4,0,1,4,0,1,0,0,0,1,0,0,0,0,0,4,0,1,2,0,1,0,0,2,0,0,2,0,0,3,1,0,0,1,0,1,3.739130435,0.826086957,3,2,2.285714286,1,23,4,0.005416792,26,1.130434783,6.719130435,9.2,3.1291,23,2,0.695652174,0,0
353,4,6,1,2,7,0,0,0,2,4,0,0,12,10,0,3,0,1,2,10,7,1,2,6,2,4,5,1,1,3,0,0,2,2,0,2,3,7,6,1,2,20,0,1,1,1,3,2,0,1,0,2,7,0,1,0,3,1,2,4.476190476,0.738095238,21,1.714285714,1,7,84,15,0.015949443,113,1.345238095,4.963809524,7.657142857,8.418075326,12,1.714285714,0.535714286,13,1
354,0,0,0,1,1,0,0,0,0,0,0,0,0,1,0,1,0,0,1,1,0,0,1,0,0,0,1,0,0,0,0,0,0,0,0,0,0,0,0,0,0,0,0,1,0,0,1,0,0,1,0,1,0,0,0,0,2,0,0,4.5,1,2,1.5,0.5,1,6,0,0.000902799,7,1.166666667,0.516666667,2.4,3.1291,6,1.5,0.333333333,0,0
355,1,0,0,0,0,0,0,0,0,0,0,0,0,1,1,1,0,0,1,1,0,0,0,0,0,0,0,0,0,0,0,0,0,0,0,1,0,0,0,1,0,4,0,0,0,0,0,0,0,0,0,0,0,0,0,0,0,0,0,2.6,1,1,2,0.333333333,2,5,0,0.000902799,5,1,-2.815,1,3.1291,2.5,2,0.25,1,0
356,0,1,0,1,1,0,0,0,1,0,0,0,5,3,0,2,0,0,3,3,1,0,2,0,0,0,1,1,0,0,0,0,0,2,0,0,0,1,0,0,0,7,0,0,2,0,2,0,0,1,0,0,0,0,0,0,0,1,0,3.80952381,0.80952381,6,2.166666667,1.3,4,21,2,0.00421306,25,1.19047619,0.505119048,2.1,3.1291,5.25,2.166666667,0.523809524,21,1
357,1,1,1,1,2,0,0,1,0,0,0,0,2,0,1,0,0,0,0,2,1,0,3,0,0,1,3,0,0,0,0,0,0,0,0,0,0,0,0,3,0,5,0,0,0,0,1,0,0,0,0,0,4,0,0,0,1,0,2,4.789473684,1,6,1.666666667,0.384615385,4,19,6,0.003611195,24,1.263157895,1.167763158,4.005263158,5.985473137,4.75,1.666666667,0.235294118,2,1
358,3,11,0,2,11,2,1,2,1,1,0,0,12,12,2,8,0,1,0,9,6,4,5,4,5,3,9,1,0,3,2,0,5,0,0,2,2,4,4,0,1,18,0,3,2,1,4,0,0,4,0,5,6,0,2,0,2,3,4,3.619047619,0.693069307,25,1.96,1.195652174,7,105,10,0.021065302,135,1.285714286,5.431428571,8.285714286,8.418075326,15,1.96,0.544554455,8,1
359,0,0,0,0,0,0,0,0,0,0,0,0,16,16,0,16,0,0,0,0,16,0,16,0,0,16,0,0,0,0,0,0,0,0,0,0,0,0,0,0,0,0,0,0,1,0,0,0,0,0,0,0,1,0,0,0,0,0,0,4.38961039,0.0625,16,3,2,15,77,16,0.014444779,93,1.207792208,0.663948052,2.053333333,3.1291,5.133333333,3,0.666666667,77,1
360,0,0,0,0,0,0,0,0,0,0,0,0,16,16,0,16,0,0,0,0,16,0,16,0,0,16,0,0,0,0,0,0,0,0,0,0,0,0,0,0,0,0,0,0,1,0,0,0,0,0,0,0,1,0,0,0,0,0,0,4.38961039,0.0625,16,3,2,15,77,16,0.014444779,93,1.207792208,0.663948052,2.053333333,3.1291,5.133333333,3,0.666666667,77,1
361,0,0,0,0,0,0,0,0,0,0,0,0,16,16,0,16,0,0,0,0,16,0,16,0,0,16,0,0,0,0,0,0,0,0,0,0,0,0,0,0,0,0,0,0,1,0,0,0,0,0,0,0,1,0,0,0,0,0,0,4.38961039,0.0625,16,3,2,15,77,16,0.014444779,93,1.207792208,0.663948052,2.053333333,3.1291,5.133333333,3,0.666666667,77,1
362,0,0,0,0,0,0,0,0,0,0,0,1,0,1,0,0,0,0,0,1,0,0,0,0,0,0,0,0,0,0,0,0,0,0,0,0,0,0,0,0,1,1,0,1,0,0,0,0,0,0,0,0,0,0,0,0,0,0,0,4,0.75,0,0,0.333333333,1,4,0,0.000601866,6,1.5,3.67,1.6,3.1291,4,0,0.25,0,0
363,1,0,0,0,0,0,0,0,0,0,0,1,0,1,1,0,0,1,0,1,0,0,0,0,0,0,1,0,0,0,0,0,0,0,0,0,0,0,0,0,0,1,0,1,0,0,0,0,0,0,0,0,1,0,0,0,1,0,0,5,1,0,0,1,1,4,1,0.000902799,6,1.5,3.67,11.6,8.841846275,4,0,0.5,0,0
364,1,0,0,0,0,0,0,0,0,0,0,0,0,0,1,0,0,0,0,0,0,0,0,0,0,0,0,0,1,0,0,0,0,0,0,0,0,0,0,0,0,0,0,0,0,0,0,0,0,1,0,1,0,0,0,0,0,0,0,5,1,1,1,0.666666667,1,3,1,0.000601866,4,1.333333333,1.313333333,1.2,3.1291,3,1,0,0,0
365,1,1,1,1,2,0,0,0,0,0,0,0,1,2,1,1,1,0,2,2,1,0,1,1,0,1,1,0,0,0,0,0,1,0,0,0,0,0,1,2,0,3,0,2,0,0,3,0,0,0,0,0,0,0,1,0,0,0,0,3.384615385,1,3,1.666666667,1.4,1,13,1,0.002407463,14,1.076923077,2.187692308,5.2,3.1291,13,1.666666667,0.615384615,1,0
366,2,0,1,0,1,0,1,0,0,0,0,0,3,1,2,1,0,1,1,1,2,0,1,0,0,0,1,0,2,0,0,0,0,0,0,0,0,0,0,1,0,5,0,0,0,0,1,0,1,1,0,0,1,1,0,0,1,0,0,4.166666667,0.9375,4,2,0.777777778,1,18,2,0.002708396,21,1.166666667,5.196666667,9.422222222,8.841846275,18,2,0.4375,1,0
367,1,0,0,0,0,0,0,0,0,0,0,0,0,0,1,0,0,0,0,0,0,0,0,0,0,0,0,0,0,0,0,0,0,0,0,0,0,0,0,0,0,1,0,0,0,0,0,0,0,0,0,0,0,0,0,0,0,0,0,3,1,0,0,0,1,1,0,0,1,1,-3.4,0.4,3.1291,1,0,0,0,0
368,0,0,0,0,0,0,0,0,0,0,0,0,0,1,0,0,0,0,0,0,0,0,0,1,0,0,1,0,0,0,0,0,0,0,0,1,0,1,1,0,0,1,0,0,0,0,0,0,0,1,0,0,2,0,0,0,0,0,0,3.8,1,2,1,1,1,5,1,0.000902799,7,1.4,2.88,2,3.1291,5,1,0.4,0,0
369,1,1,0,0,0,0,0,0,0,0,0,0,0,0,1,0,0,0,0,0,0,0,0,0,0,0,1,0,0,0,1,0,0,1,0,0,0,0,0,0,1,1,0,0,0,0,1,0,0,0,0,0,0,0,1,0,1,0,1,4.4,1,2,2,0.666666667,1,5,1,0.000902799,6,1.2,0.52,2,3.1291,5,2,0.4,0,0
